ID	Artist	Title	Link	Origin	Not in use	Voice
	10cc	I'm Not in Love	https://youtube.com/watch?v=998LjfjFFiQ	Foreign		
	12. nadstropje	Zelene livade s teboj	https://www.youtube.com/watch?v=6KfIWbskhCs	SLO		
	1x Band	Tih deževen dan	https://www.youtube.com/watch?v=sSdHXPJqgks	SLO		
	3 Doors Down	Here Without You	http://www.youtube.com/watch?v=OzmFgCQftmc	Foreign		
	4 Non Blondes	What's Up	http://www.youtube.com/watch?v=oLShwvZopls	Foreign		
	4 Non Blondes	What's Up	https://youtu.be/RQC7JL4a6fc?t=1561	Foreign	1	
	A Great Big World, Christina Aguilera	Say Something	http://www.youtube.com/watch?v=DhQ46uh2vBU	Foreign		
	A-Ha	Take On Me	https://youtu.be/ytRWEdjf9lk?t=5299	Foreign		
	ABBA	Dancing Queen	http://www.youtube.com/watch?v=WHayJZ3eMcE	Foreign		
	ABBA	Mamma Mia	https://www.youtube.com/watch?v=1YN5Emwwoss	Foreign		w_voice
	ABBA	The Winner Takes It All	https://www.youtube.com/watch?v=FZqeU0TnNRM	Foreign		w_voice
	ABBA	Chiquitita	https://www.youtube.com/watch?v=1gRQKAivLns	Foreign		
	ABBA	Chiquitita	https://youtube.com/watch?v=BzgGqKeMuMs	Foreign		
	ABBA	The Winner Takes It All	https://youtube.com/watch?v=vSUG3VkDKHY	Foreign		
	Adele	Make You Feel My Love	http://www.youtube.com/watch?v=x8SpSPBeeUE	Foreign		
	Adele	Someone Like You	https://www.youtube.com/watch?v=rMSQwIp4Jg8	Foreign		no_voice
	Adi Smolar	Zlata ribica	https://www.youtube.com/watch?v=3SUex_rpmtk	SLO		
	Aerosmith	I Don't Want To Miss A Thing	http://www.youtube.com/watch?v=s9Qc54Jp-6M	Foreign		
	Agropop	Samo milijon nas je	https://www.youtube.com/watch?v=GCT5PhL7FE0	SLO		
	Air Supply	All Out Of Love	https://youtu.be/ytRWEdjf9lk?t=6320	Foreign		
	Air Supply	Even The Nights Are Better	https://youtube.com/watch?v=_7LiL1zVXq4	Foreign		
	Air Supply	All Out Of Love	https://youtube.com/watch?v=p_lCYL-Q9aw	Foreign		
	Air Supply	Come What May	https://youtube.com/watch?v=sO6H47D1CAU	Foreign		
	Air Supply	Now And Forever	https://youtube.com/watch?v=Gbt4V04NFWo	Foreign		
	Air Supply	Someone Who Believes In You	https://youtube.com/watch?v=PitgjU6gnHU	Foreign		
	Air Supply	Just As I Am	https://youtube.com/watch?v=s2OSJgS3EmM	Foreign		
	Al Wilson	Show And Tell	https://youtube.com/watch?v=ioBM6Y4f5s0	Foreign		
	Alan Walker	Faded	http://www.youtube.com/watch?v=xf5rgfur4gw	Foreign		
	Albert Hammond	When I'm Gone	https://youtube.com/watch?v=gfstAVm7boI	Foreign		
	Aleksander Mežek	Siva pot	https://www.youtube.com/watch?v=qWeg1XKulj0	SLO		
	Alen Vitasović	Ne moren bez nje	https://www.youtube.com/watch?v=jYPTH9IxqpY	EX-YU		
	Alen Vogrinec Vesel	Kot berač	https://www.youtube.com/watch?v=yO7HHxeLQXU	SLO		
	Alenka Godec & Perpetuum Jazzile	Mesto sanj	https://www.youtube.com/watch?v=Sd_g6ycMa9s	SLO		
	Alenka Kozolc (Ingrid)	Kaj ti je deklica	https://www.youtube.com/watch?v=L8KJYPBE9nw	SLO		
	Alessi Brothers	Oh Lori	https://youtube.com/watch?v=Ri37C0pssqo	Foreign		
	Alessi Brothers	Oh Lori	https://youtube.com/watch?v=LDJXYq9OGkg	Foreign		
	Alessi Brothers	Oh, Lori	https://youtube.com/watch?v=LaZaVYclsvI	Foreign		
	Alessi Brothers	I Wish That I Was Making Love	https://youtube.com/watch?v=YE6VDzaA1VA	Foreign		
	Alessia Cara	How Far I'll Go	http://www.youtube.com/watch?v=z3QKTOUC6H8	Foreign		
	Alessia Cara	Scars To Your Beautiful	http://www.youtube.com/watch?v=fD8lvKK_keM	Foreign		
	Alexandra Burke	Hallelujah	http://www.youtube.com/watch?v=e3C8Nh3DIwA	Foreign		
	Alexandra Burke	Hallelujah	https://youtu.be/RQC7JL4a6fc?t=2792	Foreign	1	
	Alfi Nipič	Silvestrski poljub	https://www.youtube.com/watch?v=3qTVsJ3JUTM	SLO		
	Alfi Nipič & Neca Falk	Kako sva si različna	https://www.youtube.com/watch?v=Otd93XuN6V0	SLO		
	Alicia Keys	If I Ain't Got You	http://www.youtube.com/watch?v=M5Q0eiMzup0	Foreign		
	Alicia Keys	Girl On Fire	http://www.youtube.com/watch?v=rSWHCZoX2mE	Foreign		
	Alicia Keys	If I ain't got you	https://youtu.be/RQC7JL4a6fc?t=231	Foreign	1	
	Alisa	Sanja	https://www.youtube.com/watch?v=oCdvdX52YiQ	EX-YU		
	Alya	Fluid	https://www.youtube.com/watch?v=90dw1SmIW7A	SLO		
	America	All My Life	https://youtube.com/watch?v=z8b6ZlFX3zk	Foreign		
	America	Sister Golden Hair	https://youtube.com/watch?v=-I8_AD6kQHo	Foreign		
	America	Ventura Highway	https://youtube.com/watch?v=7L9ROTo1wl8	Foreign		
	America	Tin Man	https://youtube.com/watch?v=m3b8gjrY2VY	Foreign		
	America	A Horse With No Name	https://youtube.com/watch?v=OLf5UgXWWzU	Foreign		
	Amy Winehouse	Back To Black	http://www.youtube.com/watch?v=nturlhtt7WA	Foreign		
	Andra Day	Rise Up	http://www.youtube.com/watch?v=J_E1mLcgYq4	Foreign		
	Andrea Bocelli	Bessa Me Mucho	https://www.youtube.com/watch?v=3WyQqs1kEig	Foreign		
	Andrea Bocelli	Quizas Quizas Quizas	https://www.youtube.com/watch?v=rpFpwRDm-qs	Foreign		
	Andrej Šifrer	Gorska roža	https://www.youtube.com/watch?v=SuyJANVtMuY	SLO		
	Anika Horvat	Ogenj in led	https://www.youtube.com/watch?v=T-O0GOaoA4A	SLO		
	Anna Kendrick	Cups (Pitch Perfect's & When I'm Gone)	http://www.youtube.com/watch?v=mNL7iE-CxXA	Foreign		
	Anne Marie	2002	http://www.youtube.com/watch?v=xb3oMef3hnc	Foreign		
	Anne Murray	Medley	https://youtube.com/watch?v=cNBGTlf8dGE	Foreign		
	Anne Murray	Broken Hearted Me	https://youtube.com/watch?v=2BhJ0PaDC3A	Foreign		
	Anne Murray	You Needed Me	https://youtube.com/watch?v=i5h0sqMNNiU	Foreign		
	Anne Murray	I Just Fall In Love Again	https://youtube.com/watch?v=DcmhqGrO1NU	Foreign		
	Anne Murray	Broken Hearted Me	https://youtube.com/watch?v=NoTI_WdDQ40	Foreign		
	Another Day	Paul McCartney	https://youtube.com/watch?v=LtNbaGnss64	Foreign		
	Aretha Franklin	I Say A Little Prayer	https://youtube.com/watch?v=MVYfsVvqO-s	Foreign		
	Ariana Grande	7 Rings	http://www.youtube.com/watch?v=7BfhCUB_YkI	Foreign		
	Ariana Grande	Dangerous Woman	http://www.youtube.com/watch?v=jppqAygqVTc	Foreign		
	Ariana Grande	One Last Time	http://www.youtube.com/watch?v=Ca-PCQ2LMk4	Foreign		
	Ariana Grande	thank u, next	http://www.youtube.com/watch?v=KqrDah9PD_c	Foreign		
	Ariana Grande and Iggy Azalea	Problem	http://www.youtube.com/watch?v=YXVxusIRT5A	Foreign		
	Ariana Grande and Zedd	Break Free	http://www.youtube.com/watch?v=L2YJD9urLdA	Foreign		
	Ariana Grande ft. Nathan Sykes	Almost Is Never Enough	http://www.youtube.com/watch?v=4G4tntY30Qw	Foreign		
	Ariana Grande ft. Nicki Minaj	Side To Side	http://www.youtube.com/watch?v=GlkwnJTIrcI	Foreign		
	Ariana Grande, John Legend	Beauty & The Beast	http://www.youtube.com/watch?v=RH43YE20y-0	Foreign		
	Atomsko sklonište	Treba imat dušu	https://www.youtube.com/watch?v=tbn7Z8b-xtc	EX-YU		
	Auli'i Cravalho	How Far I'll Go	http://www.youtube.com/watch?v=a5LOjg1EiAk	Foreign		
	Avia Band	Sava šumi	https://www.youtube.com/watch?v=u3OmqW7ahmc	SLO		
	Avseniki	Tam, kjer murke cveto	https://www.youtube.com/watch?v=NDPmSxK40q0	SLO		
	Avseniki	Planica	https://www.youtube.com/watch?v=ORnJOW5VvCo	SLO		
	B. J. Thomas	Raindrops Keep Fallin' On My Head	https://youtube.com/watch?v=OK75QiNpgAQ	Foreign		
	B. J. Thomas	Raindrops Keep Fallin' On My Head	https://youtube.com/watch?v=wPgK0eGBmxo	Foreign		
	Babilon	Nikoli več	https://www.youtube.com/watch?v=vOD16oDGA1M	SLO		
	Bachman-Turner Overdrive	You Ain't Seen Nothing Yet	https://youtube.com/watch?v=zsrep4unMOk	Foreign		
	Backstreet Boys	I Want It That Way	http://www.youtube.com/watch?v=NxilU56kPu0	Foreign		
	Bad Company	Feel Like Makin' Love	https://youtube.com/watch?v=awp8HDUmSYA	Foreign		
	Badfinger	Day After Day	https://youtube.com/watch?v=70uwGvxChXU	Foreign		
	Bajaga i Instruktori	Sa druge strane jastuka	https://www.youtube.com/watch?v=sIKzrGVViNc	EX-YU		
	Bajaga i Instruktori	220 u voltima	https://www.youtube.com/watch?v=sg45sRVon38	EX-YU		
	Bajaga i Instruktori	Bam, bam, bam	https://www.youtube.com/watch?v=dU5ka7qjIqE	EX-YU		
	Bajaga i Instruktori	Plavi safir	https://www.youtube.com/watch?v=woilosxzcgE	EX-YU		
	Barry Manilow	Mandy	https://youtube.com/watch?v=RFsanTfNPiE	Foreign		
	Barry Manilow	Medley	https://youtube.com/watch?v=b6iZFPozVdo	Foreign		
	Barry Manilow	If I Should Love Again	https://youtube.com/watch?v=WxCCcD02Oy0	Foreign		
	Barry Manilow	Even Now	https://youtube.com/watch?v=XbmW7_tkiNQ	Foreign		
	Barry Manilow	Could It Be Magic	https://youtube.com/watch?v=roq_1svalIc	Foreign		
	Barry Manilow	Weekend in New England	https://youtube.com/watch?v=7QUudZF1T2Q	Foreign		
	Barry Manilow	Life Will Go On	https://youtube.com/watch?v=a6_IXWuFOMw	Foreign		
	Barry Manilow	I Write The Songs	https://youtube.com/watch?v=lSv28G6gB8U	Foreign		
	Barry Manilow	Somewhere Down The Road	https://youtube.com/watch?v=mJ_rvrq_Aho	Foreign		
	Barry Manilow & Dionne Warwick	Run To Me	https://youtube.com/watch?v=cJu-Rnmkvz8	Foreign		
	Beauty And The Beast	Tale As Old As Time	http://www.youtube.com/watch?v=dWoGvNofjbM	Foreign		
	Bee Gees	First of May	https://youtube.com/watch?v=JwWezX4Cr7A	Foreign		
	Bee Gees	TOO MUCH HEAVEN	https://youtube.com/watch?v=21SLE60O9Kk	Foreign		
	Bee Gees	Our Love (Don't Throw It All Away)	https://youtube.com/watch?v=BTlGY_MFk6s	Foreign		
	Bee Gees	First Of May	https://youtube.com/watch?v=yQkx0X684xw	Foreign		
	Bee Gees	I Started A Joke	https://youtube.com/watch?v=zcYndhpKc6U	Foreign		
	Bee Gees	To Love Somebody	https://youtube.com/watch?v=pamtZb6qFy8	Foreign		
	Bee Gees	I Started a Joke	https://youtube.com/watch?v=X9BESBcuEuU	Foreign		
	Bee Gees	More Than a Woman	https://youtube.com/watch?v=CZcZSN8DzSA	Foreign		
	Bee Gees	How Deep Is Your Love	https://youtube.com/watch?v=S9vxqIrAM1M	Foreign		
	Bee Gees	How Deep Is Your Love	https://youtube.com/watch?v=DGe7YLb8ajU	Foreign		
	Bele Vrane	Mala terasa	https://www.youtube.com/watch?v=XPdStXtmn3o	SLO		
	Ben E. King	Stand By Me	http://www.youtube.com/watch?v=OU3699R53rs	Foreign		
	Bepop	Jingle Bells	https://www.youtube.com/watch?v=as-X90_pw6s	SLO		
	Bepop	Odpelji me	https://www.youtube.com/watch?v=2lCW9EfJ7Vc	SLO		
	Beyonce	If I Were A Boy	http://www.youtube.com/watch?v=56kZ5BYfO6E	Foreign		
	Big Foot Mama	Led s severa	https://www.youtube.com/watch?v=GijlB7XGQyg	SLO		
	Bijelo dugme	Na zadnjem sjedištu moga auta	https://www.youtube.com/watch?v=uaClFj8Btog	EX-YU		
	Bijelo dugme	A i ti me iznevjeri	https://www.youtube.com/watch?v=p7QY4ntZI8g	EX-YU		
	Bill Medley and Jennifer Warnes	(I've Had) The Time Of My Life (duet)	https://youtu.be/ytRWEdjf9lk?t=9199	Foreign		
	Billie Eilish	lovely (with Khalid)	http://www.youtube.com/watch?v=CGXeSUtbhFk	Foreign		
	Billie Eilish	idontwannabeyouanymore	http://www.youtube.com/watch?v=DUWfL7U-StI	Foreign		
	Billie Eilish	bad guy	http://www.youtube.com/watch?v=GsFlbMS7UIc	Foreign		
	Billie Eilish	Ocean Eyes	http://www.youtube.com/watch?v=rqF-W9QBHUQ	Foreign		
	Billie Eilish	Happier Than Ever	http://www.youtube.com/watch?v=jNfT49-cZE8	Foreign		
	Billie Eilish	when the party's over	http://www.youtube.com/watch?v=sluLx2JlLqw	Foreign		
	Billie Eilish	everything i wanted	http://www.youtube.com/watch?v=0J_z7RjLZfo	Foreign		
	Billie Eilish	i love you	http://www.youtube.com/watch?v=PTmcRmDyJlY	Foreign		
	Billie Eilish	No Time To Die	http://www.youtube.com/watch?v=ioqGmaBHUrk	Foreign		
	Billie Eilish	wish you were gay	http://www.youtube.com/watch?v=IOzAmILqFkI	Foreign		
	Billie Eilish, Khalid	Lovely	https://youtu.be/RQC7JL4a6fc?t=2355	Foreign		
	Billy Joel	Uptown Girl	https://youtu.be/ytRWEdjf9lk?t=2518	Foreign		
	Billy Joel	Honesty	https://youtube.com/watch?v=Klsne7kQUYk	Foreign		
	Birdy	Skinny Love	http://www.youtube.com/watch?v=sndK-GAOLPM	Foreign		
	BLACKPINK	How You Like That	http://www.youtube.com/watch?v=9F3bo-bu07s	Foreign		
	BLACKPINK	Kill This Love	http://www.youtube.com/watch?v=YoWJa7GWzk4	Foreign		
	BLACKPINK, Selena Gomez	Ice Cream	http://www.youtube.com/watch?v=N7kV59gpJjg	Foreign		
	Blondie	Call Me	https://youtube.com/watch?v=XXH8PTgl4BI	Foreign		no_voice
	Blondie	Heart of Glass	https://youtube.com/watch?v=dyoCKVzlrMM	Foreign		no_voice
	Blondie	The Tide Is High	https://youtube.com/watch?v=cIZ62_d-ah8	Foreign		
	Blood, Sweat & Tears	You've Made Me So Very Happy	https://youtube.com/watch?v=zxSLcyuKDgI	Foreign		
	Bijelo dugme	Hajdemo u planine	https://www.youtube.com/watch?v=LFPMszkh9SQ	EX-YU		
	Bob Seger	We've Got Tonight	https://youtube.com/watch?v=Qi4h3-yL6YY	Foreign		
	Bobby Helms	Jingle Bell Rock	http://www.youtube.com/watch?v=u0yAWWpqFHQ	Foreign		
	Bobby Sherman	Jennifer	https://youtube.com/watch?v=-QH7RNB45vw	Foreign		
	Bon Jovi	Always	http://www.youtube.com/watch?v=RBgimRYxorE	Foreign		
	Bon Jovi	Bed Of Roses	http://www.youtube.com/watch?v=fBGaQoyEz1o	Foreign		
	Bon Jovi	You Give Love A Bad Name	https://youtu.be/ytRWEdjf9lk?t=187	Foreign		
	Bon Jovi	Living on a Prayer	https://youtu.be/XYyY4p06LmQ?t=1090	Foreign		w_voice
	Bonnie Tyle	If I Sing You a Love Song	https://youtube.com/watch?v=zIEXeFo6vf4	Foreign		
	Bonnie Tyler	Total Eclipse Of The Heart	https://youtu.be/ytRWEdjf9lk?t=7594	Foreign		
	Bijelo dugme	Lipe cvatu	https://www.youtube.com/watch?v=vtUfT3mshO4	EX-YU		
	Boston	More Than A Feeling	https://youtube.com/watch?v=BmIVxGcMOgU	Foreign		
	Boz Scaggs	We're All Alone	https://youtube.com/watch?v=I7GPee247zg	Foreign		
	Boz Scaggs	We're All Alone	https://youtube.com/watch?v=-wdnndJEgsU	Foreign		
	Boa	Tako lijepa	https://www.youtube.com/watch?v=SViYA0F1fiw	EX-YU		
	Bread	The Guitar Man	https://youtube.com/watch?v=RdQaQO60Qh4	Foreign		
	Bread	Diary	https://youtube.com/watch?v=V5BYAPRVnUk	Foreign		
	Bread	Make It With You	https://youtube.com/watch?v=g_gVLNQvjww	Foreign		
	Bread	The Guitar Man (Original)	https://youtube.com/watch?v=yn8GoF7Wuk8	Foreign		
	Bread	Everything I Own (Original)	https://youtube.com/watch?v=M38qMEmq2kM	Foreign		
	Bread	If	https://youtube.com/watch?v=9AdSpRkFK34	Foreign		
	Bread	Lost Without Your Love	https://youtube.com/watch?v=zYML_ji-pzE	Foreign		
	Bread	Medley	https://youtube.com/watch?v=qe5bEdd-LZY	Foreign		
	Bread	Aubrey	https://youtube.com/watch?v=Pjyq4o-G5Dw	Foreign		
	Bread	Everything I Own	https://youtube.com/watch?v=0ZBs517zZ8Y	Foreign		
	Bread	Lost Without Your Love	https://youtube.com/watch?v=Z8ahKRl4_N4	Foreign		
	Brenda Lee	Rockin' Around The Christmas Tree	http://www.youtube.com/watch?v=dETgVcucAxo	Foreign		
	Boris Kopitar	Bo moj vnuk še pel slovenske pesmi	https://www.youtube.com/watch?v=1DWztlnpnac	SLO		
	Brian Hyland	Sealed with a Kiss	https://youtube.com/watch?v=_9z3fGpZSCo	Foreign		
	Brian McKnight	Back at One	https://youtu.be/XYyY4p06LmQ?t=2723	Foreign		w_voice
	Britney Spears	...Baby One More Time	http://www.youtube.com/watch?v=PYpU2TxIzAM	Foreign		
	Britney Spears	Toxic	http://www.youtube.com/watch?v=prgoLEZTit0	Foreign		
	Britney Spears	Everytime	http://www.youtube.com/watch?v=2EaDDg5tVUg	Foreign		
	Bryan Adams	Summer of '69	https://youtu.be/ytRWEdjf9lk?t=2290	Foreign		
	BTS	Dynamite	http://www.youtube.com/watch?v=V9aFf48jLPQ	Foreign		
	Burt Bacharach	I'll Never Fall In Love Again	https://youtube.com/watch?v=yat1zndGqck	Foreign		
	Božični zborček	Bela snežinka	https://www.youtube.com/watch?v=GTN8lQY4Ers	SLO		
	Calum Scott	You Are The Reason	http://www.youtube.com/watch?v=zMcfZyb5wCo	Foreign		
	Calum Scott	Dancing On My Own	http://www.youtube.com/watch?v=DvEXv4Shx7s	Foreign		
	Camila Cabello ft. Young Thug	Havana	http://www.youtube.com/watch?v=dd2nfgicFds	Foreign		
	Captain And Tenille	Don't Forget Me	https://youtube.com/watch?v=g38J5a8Rivo	Foreign		
	Cardi B	Bodak Yellow	http://www.youtube.com/watch?v=1g8S-enLQ60	Foreign		
	Carly Simon	You're So Vain	https://youtube.com/watch?v=C3tyaXgJM_M	Foreign		
	Carly Simon	Nobody Does It Better	https://youtube.com/watch?v=Nisgi3GBO9Q	Foreign		
	Carly Simon	Nobody Does It Better	https://youtube.com/watch?v=RB_5jvcXNiY	Foreign		
	Carole King	It's Too Late	https://youtube.com/watch?v=6ZQZwYixxHI	Foreign		
	Carpenters	Superstar	https://youtube.com/watch?v=doirD_D1nrQ	Foreign		
	Carpenters	Rainy Days And Mondays	https://youtube.com/watch?v=SvKuK85RaRM	Foreign		
	Carpenters	We've Only Just Begun	https://youtube.com/watch?v=rWVAHXMISKU	Foreign		
	Carpenters	We've Only Just Begun	https://youtube.com/watch?v=tQyC6GjXSXI	Foreign		
	Carpenters	Love Me For What I Am	https://youtube.com/watch?v=t4X3xXfIm6M	Foreign		
	Carrie Underwood	Before He Cheats	http://www.youtube.com/watch?v=AqYrOoZpsjg	Foreign		
	Cat Stevens	Wild World	https://youtube.com/watch?v=wxJ4meJkt7A	Foreign		
	Cat Stevens	Morning Has Broken	https://youtube.com/watch?v=TGlfnGBR0SA	Foreign		
	Cat Stevens	Wild World	https://youtube.com/watch?v=JjbHyCZUSRg	Foreign		
	Cat Stevens	Father and Son	https://youtube.com/watch?v=1tcRnjeijPM	Foreign		
	Cathy Irving	I Never Dreamed Someone Like You	https://youtube.com/watch?v=YdUQauVbDcY	Foreign		
	Celine Dion	It's All Coming Back To Me Now	https://youtu.be/RQC7JL4a6fc?t=1116	Foreign	1	
	Celine Dion	My Heart will go on	https://youtu.be/RQC7JL4a6fc?t=3003	Foreign	1	
	Céline Dion	My Heart Will Go On	http://www.youtube.com/watch?v=cdgU8YmD3Kc	Foreign		
	Céline Dion	It's All Coming Back To Me Now	http://www.youtube.com/watch?v=q2VpIxVFCRk	Foreign	1	
	Céline Dion	Because You Loved Me	http://www.youtube.com/watch?v=sPu9jduC1HI	Foreign		
	Céline Dion	It's All Coming Back To Me Now	https://youtu.be/ytRWEdjf9lk?t=6811	Foreign		
	Céline Dion	All by Myself	https://youtu.be/XYyY4p06LmQ?t=2390	Foreign		w_voice
	Charlene	I've Never Been To Me	https://youtube.com/watch?v=WeEpXgpB9Do	Foreign		
	Charlie Puth	One Call Away	http://www.youtube.com/watch?v=1hx2ynaUaHY	Foreign		
	Charlie Puth	Attention	http://www.youtube.com/watch?v=6I3lHjuNn7g	Foreign		
	Charlie Puth ft. Meghan Trainor	Marvin Gaye	http://www.youtube.com/watch?v=fQcKB3IEK9k	Foreign		
	Charlie Puth ft. Selena Gomez	We Don't Talk Anymore	http://www.youtube.com/watch?v=IUmIIBeYr1I	Foreign		
	Brendi	Zelene oči	https://www.youtube.com/watch?v=7WWw-Qub_rY	SLO		
	Cher	If I Could Turn Back Time	https://youtu.be/ytRWEdjf9lk?t=8720	Foreign		
	Chicago	If You Leave Me Now	https://youtube.com/watch?v=Dr2Jn5-HAnk	Foreign		
	Chicago	Saturday In The Park	https://youtube.com/watch?v=V5ITLsEz1Ac	Foreign		
	Chicago	25 or 6 to 4	https://youtube.com/watch?v=DkNlfR1pYm4	Foreign		
	Chicago	Make Me Smile	https://youtube.com/watch?v=FfCN8SFCpKM	Foreign		
	Chris Stapleton	Tennessee Whiskey	http://www.youtube.com/watch?v=DVxVXBpi7vc	Foreign		
	Christina Aguilera	Beautiful	http://www.youtube.com/watch?v=bkkkbniDtHA	Foreign		
	Christina Perri	A Thousand Years	http://www.youtube.com/watch?v=j1V33b2ZEIo	Foreign		
	Christina Perri	Human	http://www.youtube.com/watch?v=yqubSu9RbSM	Foreign		
	Clapton, Eric	I Shot The Sheriff	https://youtube.com/watch?v=cnWP0HTISmk	Foreign		
	Clean Bandit ft. Sean Paul & Anne-Marie	Rockabye	http://www.youtube.com/watch?v=Gl78zFKbQbE	Foreign		
	Clean Bandit ft. Zara Larsson	Symphony	http://www.youtube.com/watch?v=Azyv_umdqvk	Foreign		
	Cliff Richard	Constantly	https://youtube.com/watch?v=8QUEErHkWmc	Foreign		
	Colbie Caillat	Bubbly	http://www.youtube.com/watch?v=X_fmt_y2AzM	Foreign		
	Conan Gray	Heather	http://www.youtube.com/watch?v=WwUYq7kr9dU	Foreign		
	Cook Da Books	Your Eyes	https://youtube.com/watch?v=jYp0uu5bdAU	Foreign		
	Craig Ruhnke	I'll Always Love You	https://youtube.com/watch?v=01AUE-XeYrA	Foreign		
	Creedence Clearwater Revival	Have You Ever Seen The Rain	https://youtu.be/ytRWEdjf9lk?t=1302	Foreign		
	Creedence Clearwater Revival	Proud Mary	https://youtube.com/watch?v=SgD4oxR1_Hw	Foreign		
	Creedence Clearwater Revival	Have You Ever Seen The Rain	https://youtube.com/watch?v=P9UUrX4lwPk	Foreign		
	Crosby, Stills & Nash	Wasted On The Way	https://youtube.com/watch?v=-lTsB2rbD-c	Foreign		
	Crosby, Stills & Nash	Wasted On The Way	https://youtube.com/watch?v=ixsWea9WFzg	Foreign		
	Crosby, Stills, Nash & Young	Helplessly Hoping	https://youtube.com/watch?v=hHD7lOfcvBw	Foreign		
	California	Ustavil bi čas	https://www.youtube.com/watch?v=aawUMaJ3G3o	SLO		
	Chateau	Mlinar na Muri	https://www.youtube.com/watch?v=wSeFjEnjMGc	SLO		
	Crvena jabuka	Tuga, ti i ja	https://www.youtube.com/watch?v=XNgxy6brvMI	EX-YU		no_voice
	Čudežna Polja	25 ur	https://www.youtube.com/watch?v=JkS_qJi-ZTk	SLO		
	Culture Club	Karma Chameleon	https://youtu.be/ytRWEdjf9lk?t=5866	Foreign		
	Cyndi Lauper	Time After Time	http://www.youtube.com/watch?v=zmrme4ulxIY	Foreign	1	
	Cyndi Lauper	Girls Just Wanna Have Fun	https://youtu.be/ytRWEdjf9lk?t=3825	Foreign		
	Cyndi Lauper	Time After Time	https://youtu.be/ytRWEdjf9lk?t=7352	Foreign		
	Čuki	Zobar	https://www.youtube.com/watch?v=l_V-ead68zM	SLO		
	Čuki	Krokodilčki	https://www.youtube.com/watch?v=C24_drkqGPU	SLO		
	Daleka obala	Mojoj lijepoj	https://www.youtube.com/watch?v=JbNXzoCr7FU	EX-YU		
	Dan Fogelberg	Same Old Lang Syne	https://youtube.com/watch?v=8wxUqaZXgAc	Foreign		
	Dan Fogelberg	Leader Of The Band	https://youtube.com/watch?v=oYTO8JFgvS8	Foreign		
	Dan Fogelberg	Longer	https://youtube.com/watch?v=eljGiRpyn0Y	Foreign		
	Dan Fogelberg	Same Old Lang Syne	https://youtube.com/watch?v=qN_R02Af4l8	Foreign		
	Dan Henry	20 Minutes Before Take Off	https://youtube.com/watch?v=yrPl01Etc5A	Foreign		
	Dan Hill	Never Thought (That I Could Love)	https://youtube.com/watch?v=euknE24COWA	Foreign		
	Dan Hill	Sometimes When We Touch	https://youtube.com/watch?v=bApz69AO2To	Foreign		
	Dan Seals	One Friend	https://youtube.com/watch?v=Q90hsJWzJts	Foreign		
	Daniel Caesar ft. H.E.R.	Best Part	http://www.youtube.com/watch?v=otKYi0rYYx8	Foreign		
	Damjan Zih	Toni 'ma pa lepo kapo	https://www.youtube.com/watch?v=Oo3u91i65U8	SLO		
	Dan D	Čas	https://www.youtube.com/watch?v=3aFkiTxiKW8	SLO		
	Daniel Popović	Džuli	https://www.youtube.com/watch?v=2-8BgcJFzGU	EX-YU		
	Danijela Martinović	Da je sladje zaspati	https://www.youtube.com/watch?v=Z7Cj6pPNs7E	EX-YU		
	David Bowie	Let's Dance	https://youtu.be/ytRWEdjf9lk?t=1469	Foreign		
	David Castle	Ten To Eight	https://youtube.com/watch?v=kizoQe0JovU	Foreign		
	David Gates	Goodbye Girl	https://youtube.com/watch?v=v2UtU_2JmkI	Foreign		
	David Gates	Take Me Now	https://youtube.com/watch?v=R9gOxI6U4i0	Foreign		
	David Gates	Part Time Love	https://youtube.com/watch?v=FhQaHne2cIE	Foreign		
	David Gates	Never Let Her Go	https://youtube.com/watch?v=U6h_kuXZU8M	Foreign		
	David Gates	Clouds	https://youtube.com/watch?v=NY7BYiMa8vg	Foreign		
	David Gates	I Can't Find The Words to Say Goodbye	https://youtube.com/watch?v=5Yk9MwpJd2w	Foreign		
	David Gates	Part-Time Love	https://youtube.com/watch?v=KFUB08JFoMY	Foreign		
	David Guetta ft. Sia	Titanium	http://www.youtube.com/watch?v=32LB2DR_JM0	Foreign		
	David Hal	The look of love	https://youtube.com/watch?v=kUNCQP9hluI	Foreign		
	David Pomeranz	The Old Songs	https://youtube.com/watch?v=ESx-qG01g6o	Foreign		
	David Pomeranz	If You Walked Away	https://youtube.com/watch?v=M4cJUHvIDCQ	Foreign		
	David Pomeranz	Got To Believe In Magic	https://youtube.com/watch?v=kq3yYNCgbs4	Foreign		
	David Pomeranz	Got To Believe In Magic	https://youtube.com/watch?v=_pan-9-9R2o	Foreign		
	David Pomeranz	If You Walked Away	https://youtube.com/watch?v=ox5OMqs1tV0	Foreign		
	David Pomeranz	If You Walked Away	https://youtube.com/watch?v=xe_eBbauWOk	Foreign		
	David Pomeranz	King and Queen of Hearts	https://youtube.com/watch?v=nCgN7noETnk	Foreign		
	Deep Purple	Smoke On The Water	https://youtube.com/watch?v=sxacJSO_tS4	Foreign		
	Demi Lovato	Stone Cold	http://www.youtube.com/watch?v=yFOxf2Y0H1g	Foreign		
	Demi Lovato	Skyscraper	http://www.youtube.com/watch?v=PHfZnrXNyiA	Foreign		
	Darko Rundek	Apocalypso	https://www.youtube.com/watch?v=z6ee0FcBJoI	EX-YU		
	Darko Rundek, Rade Šerbedžija i Arsen Dedić	Na nešto me sjeća taj grad	https://www.youtube.com/watch?v=620NUNVHYQM	EX-YU		
	Dennis Lambert	Of All The Things	https://youtube.com/watch?v=LzVjmh2vuMo	Foreign		
	Descendants 3	Queen Of Mean	http://www.youtube.com/watch?v=BRWpIbuGa1M	Foreign		
	Dexys Midnight Runners	Come On Eileen	https://youtu.be/ytRWEdjf9lk?t=8464	Foreign		
	Diana Ross	Do You Know Where You're Going To?	https://youtube.com/watch?v=KGpX-r2Sta8	Foreign		
	Diana Ross	Touch Me in the Morning	https://youtube.com/watch?v=kSk0DGk82Tw	Foreign		
	Diana Ross	Ain't No Mountain High Enough	https://youtube.com/watch?v=ovuGk0WsvVA	Foreign		
	Diana Ross	The Boss	https://youtube.com/watch?v=FvfhxR6JlKY	Foreign		
	Denis & Denis	Program tvog kompjutera	https://www.youtube.com/watch?v=J7luJcW8Jlo	EX-YU		
	Denis & Denis	Ja sam lažljiva	https://www.youtube.com/watch?v=BPyQaHVzNto	EX-YU		
	Dionne Warwick	Never Fall In Love Again	https://youtube.com/watch?v=iAV7uDmRkBA	Foreign		
	Dionne Warwick	Walk On By	https://youtube.com/watch?v=aEZIG3x8mtw	Foreign		
	Dionne Warwick	I'll Never Love This Way Again	https://youtube.com/watch?v=15nSgxXlmwk	Foreign		
	Dionne Warwick & Barry Manilow	Run To Me	https://youtube.com/watch?v=V-PMF7td8E4	Foreign		
	DJ Snake ft. Justin Bieber	Let Me Love You	http://www.youtube.com/watch?v=VP5ODDPUpcE	Foreign		
	Dino Dvornik	Ti si mi u mislima	https://www.youtube.com/watch?v=XSpV-k4lHPw	EX-YU		
	Dino Dvornik	Ništa kontra Splita	https://www.youtube.com/watch?v=CZC_kbjcCY0	EX-YU		
	Dolores	Vem, jokala bom	https://www.youtube.com/watch?v=2ifjVF6sFqE	SLO		
	Don Mclean	Vincent	https://youtube.com/watch?v=dYNbN80VssA	Foreign		
	Don McLean	Winterwood	https://youtube.com/watch?v=PXu3gi8XCu4	Foreign		
	Don McLean	American Pie	https://youtube.com/watch?v=sGCVp73RjxQ	Foreign		
	Don McLean	Crying	https://youtube.com/watch?v=QML6vSWOO1E	Foreign		
	Don Mclean	Vincent	https://youtube.com/watch?v=fc8xiihrv_4	Foreign		
	Don Mclean	Birthday Song	https://youtube.com/watch?v=2xfgR8zROMo	Foreign		
	Don Mclean	Everyday	https://youtube.com/watch?v=qWeXYCHjq34	Foreign		
	Dominik Kozarič	Ljubi jo nežno	https://www.youtube.com/watch?v=z4NTTcbqPaQ	SLO		
	Doors	Light My Fire	https://youtube.com/watch?v=rRcCgcll5uE	Foreign		
	Dove Cameron	If Only (from Disney Descendants)	http://www.youtube.com/watch?v=fTRa0BuPlwA	Foreign		
	Dr. Hook	All The Time In The World	https://youtube.com/watch?v=eu6W5E44hQQ	Foreign		
	Don Juan	Dekleta pa taka	https://www.youtube.com/watch?v=ON4ATyXTI7s	SLO		
	Dua Lipa	New Rules	http://www.youtube.com/watch?v=TsEYfkT4eF8	Foreign		
	Dua Lipa	Levitating	http://www.youtube.com/watch?v=nK9hD9_SAdU	Foreign		
	Duncan Laurence	Arcade	http://www.youtube.com/watch?v=19Kju46x324	Foreign		
	Ed Sheeran	Perfect	http://www.youtube.com/watch?v=sPMA1tqWuf4	Foreign		
	Ed Sheeran	Shape Of You	http://www.youtube.com/watch?v=o71_MatpYV0	Foreign		
	Ed Sheeran	Photograph	http://www.youtube.com/watch?v=XpXe2mXmhp0	Foreign		
	Ed Sheeran	Thinking Out Loud	http://www.youtube.com/watch?v=Dd9W3PthynU	Foreign		
	Ed Sheeran	The A Team	http://www.youtube.com/watch?v=t4ePY7LqFV4	Foreign		
	Ed Sheeran	Perfect	https://youtu.be/RQC7JL4a6fc?t=3536	Foreign	1	
	Edwin Starr	War	https://youtube.com/watch?v=Lhtx6BkHXMA	Foreign		
	Don Mentony Band	Dobra mrha	https://www.youtube.com/watch?v=aXdNsjE8Gjg	SLO		
	Dražen Zečić	Kad mi netko tebe spomene	https://www.youtube.com/watch?v=sAw5XXFkeFk	EX-YU		
	EKV	Par godina za nas	https://www.youtube.com/watch?v=zp8ixBJahDY	EX-YU		
	EKV	Budi sam na ulici	https://www.youtube.com/watch?v=AaEF4aDTYzs	EX-YU		
	EKV	Krug	https://www.youtube.com/watch?v=PPPMyWKgKGs	EX-YU		
	Elle King	Ex's & Oh's	http://www.youtube.com/watch?v=odO7rH5vmaI	Foreign		
	Ellie Goulding	Love Me Like You Do	http://www.youtube.com/watch?v=tW0UjwMOQz8	Foreign		
	Elton John	Daniel	https://youtube.com/watch?v=GZix8_uvLyk	Foreign		
	Elton John	Your Song	https://youtube.com/watch?v=fGI2vCk6ykY	Foreign		
	Elton John	We All Fall In Love Sometimes	https://youtube.com/watch?v=J5ki60oaaSM	Foreign		
	Elton John	Honky Cat	https://youtube.com/watch?v=Je3nMS8sWYw	Foreign		
	Elvis Costello	She	https://youtube.com/watch?v=SZKQVOLNqm4	Foreign		
	Elvis Presley	Can't Help Falling In Love	http://www.youtube.com/watch?v=gd4mB-zUcO8	Foreign		
	Elvis Presley	The Wonder Of You	https://youtube.com/watch?v=t-4ZMeWR1S8	Foreign		
	Elvis Presley	It's Now or Never	https://youtube.com/watch?v=WC48Q5zSvic	Foreign		
	Elvis Presley	Always on My Mind	https://youtube.com/watch?v=rBj6cJx6Ecc	Foreign		
	Emeli Sandé	Read All About It Pt. III	http://www.youtube.com/watch?v=KDbafD4FQRk	Foreign		
	Elda Viler	Ti si moja ljubezen	https://www.youtube.com/watch?v=Zf0qNIdf0Ko	SLO		
	Engelbert Humperdinck	A Man Without Love	https://youtube.com/watch?v=UsLs9qEtalg	Foreign		
	Engelbert Humperdinck	Love Me with All Your Heart	https://youtube.com/watch?v=eJKDa22mSdQ	Foreign		
	Engelbert Humperdinck	Spanish Eyes	https://youtube.com/watch?v=h8L2rF9vh6k	Foreign		
	Engelbert Humperdinck	Stardust	https://youtube.com/watch?v=xMW_-TC15h4	Foreign		
	Engelbert Humperdinck	Love Is a Many Splendored Thing	https://youtube.com/watch?v=P7v25-pX4BI	Foreign		
	England Dan	I'd Really Love To See You Tonight (Original)	https://youtube.com/watch?v=hPVFVLgpoVk	Foreign		
	England Dan & John Ford Coley	It's Sad To Belong	https://youtube.com/watch?v=OBkU8P0xVLY	Foreign		
	England Dan & John Ford Coley	Nights Are Forever Without You	https://youtube.com/watch?v=0EKiAMtnvtU	Foreign		
	Eric Carmen	The Way We Used To Be	https://youtube.com/watch?v=9CgAuSuGb3U	Foreign		
	Eric Clapton	Wonderful Tonight	http://www.youtube.com/watch?v=WDXiPavQjNg	Foreign		
	Eric Clapton	Tears In Heaven	https://youtu.be/RQC7JL4a6fc?t=2091	Foreign		
	Eric Clapton	Wonderful Tonight	https://youtube.com/watch?v=WDXiPavQjNg	Foreign		
	Eric Clapton	Cocaine	https://youtube.com/watch?v=ZRLWN7p_kUk	Foreign		
	Ella	Iza ponoći	https://www.youtube.com/watch?v=CuqkR4EZ4O8	EX-YU		
	Eurythmics	Sweet Dreams (Everybody's looking for something)	https://www.youtube.com/watch?v=z1GUP6eA2-s	Foreign		
	En Face	Debeli	https://www.youtube.com/watch?v=N2FFukOTBOE	EX-YU		
	Evanescence	Bring Me To Life	http://www.youtube.com/watch?v=frpfRwGv6KU	Foreign		
	Evanescence	My Immortal	http://www.youtube.com/watch?v=Dv4s4KFptCE	Foreign		
	Eydie Gorme	It Takes Too Long To Learn To Live Alone	https://youtube.com/watch?v=8A2ulQhhaLs	Foreign		
	ET	Tek je 12 sati	https://www.youtube.com/watch?v=Ws9vIDltXos	EX-YU		
	Eva Sršen	Ljubi ljubi ljubi	https://www.youtube.com/watch?v=Gu0ly13hLV4	SLO		
	Fire & Rain	Living Together	https://youtube.com/watch?v=4zhIRN_kMbs	Foreign		
	Fire and Rain	Living Together	https://youtube.com/watch?v=9nKg0oGkXAI	Foreign		
	Firefall	Just Remember I Love You	https://youtube.com/watch?v=w_94lz0z9lI	Foreign		
	Foreigner	I Want To Know What Love Is	http://www.youtube.com/watch?v=p1r1DHgYm9Y	Foreign		
	Frank Sinatra	My Way	http://www.youtube.com/watch?v=tAEek8nO11c	Foreign		
	Frank Sinatra	Fly Me To The Moon	http://www.youtube.com/watch?v=VvjWl7lvrnk	Foreign		
	Frank Sinatra	My Way	https://youtube.com/watch?v=tAEek8nO11c	Foreign		
	Frankie Valli & The Four Seasons	Can't Take My Eyes Off You	https://youtube.com/watch?v=zf2V3HG6YgU	Foreign		
	Free Movement	The Harder I Try	https://youtube.com/watch?v=doRZakTK5kk	Foreign		
	Frozen	Let It Go (Idina Menzel)	http://www.youtube.com/watch?v=ifCAfAzOBJM	Foreign		
	Frozen	For The First Time In Forever (Idina Menzel and Kristen Bell)	http://www.youtube.com/watch?v=rmQ_n0rJ7JE	Foreign		
	Frozen 2	Into The Unknown	http://www.youtube.com/watch?v=9rnQFsbDa3o	Foreign		
	Frozen 2	Show Yourself	http://www.youtube.com/watch?v=zGqZZQablfY	Foreign		
	Gabriel	You Never Told Me You Love Me	https://youtube.com/watch?v=tuVfBT1qHiw	Foreign		
	Garth Brooks	Friends in Low Places	https://youtu.be/XYyY4p06LmQ?t=1614	Foreign		w_voice
	George Michael	Careless Whisper	http://www.youtube.com/watch?v=1TIeDbnzp9M	Foreign		
	Geri Halliwell	It's Raining Men	https://www.youtube.com/watch?v=3MPmJx8Csi4	Foreign		
	Gilbert O'Sullivan	Alone Again (Naturally)	https://youtube.com/watch?v=L4iDOxI40yE	Foreign		
	Giveon	HEARTBREAK ANNIVERSARY	http://www.youtube.com/watch?v=nRD8iFBRruw	Foreign		
	Gloria Gaynor	I Will Survive	http://www.youtube.com/watch?v=FsUa8P-L2Ag	Foreign		
	gnash	i hate u, i love u (feat. Olivia O'Brien)	http://www.youtube.com/watch?v=_Bti9H8Y24U	Foreign		
	Goo Goo Dolls	Iris	http://www.youtube.com/watch?v=bi0hyLXusjo	Foreign		
	Gotye and Kimbra	Somebody That I Used To Know	http://www.youtube.com/watch?v=toHUpXZRgTQ	Foreign		
	Grace VanderWaal	I Don't Know My Name	http://www.youtube.com/watch?v=dlNbMMkldi0	Foreign		
	Grease	You're The One That I Want	https://www.youtube.com/watch?v=5-4X6Ck-_0c	Foreign		
	Greg Kihn Band	Jeopardy	https://youtube.com/watch?v=SWWgX2XhQEs	Foreign		
	Fantomi	Sretan božić svakome	https://www.youtube.com/watch?v=TREFr8mwEOM	EX-YU		
	Film	Ljubav je zakon	https://www.youtube.com/watch?v=WwzW0d5QzS0	EX-YU		
	Grupa 777	Ti si moj hit	https://www.youtube.com/watch?v=_0q-NjuW1qE	EX-YU		
	Gu Gu	Mi 'mamo se fajn	https://www.youtube.com/watch?v=kk109KsnlFg	SLO		
	Halsey	Without Me	http://www.youtube.com/watch?v=_QC9OSgbmC8	Foreign		
	Harry Styles	Sign Of The Times	http://www.youtube.com/watch?v=vAjEtYdqhTA	Foreign		
	Harry Styles	As It Was	https://www.youtube.com/watch?v=JyKfmLkq3BU	Foreign		
	Harry Styles	Watermelon Sugar	https://www.youtube.com/watch?v=OQzT1OASwPU	Foreign		
	Hajdi	Naš kuža	https://www.youtube.com/watch?v=IyeY01F6ZQE	SLO		
	Halo	Anita ni nikoli	https://www.youtube.com/watch?v=AapB1KdWsJs	SLO		
	Haustor	Moja prva ljubav	https://www.youtube.com/watch?v=DcHG6FG12AE	EX-YU		
	Haustor	Sejmeni	https://www.youtube.com/watch?v=Ag7FbUNcPD4	EX-YU		
	Haustor	Uzalud pitaš	https://www.youtube.com/watch?v=bJ5wJhOXiqI	EX-YU		
	Heart	Alone	https://youtu.be/ytRWEdjf9lk?t=9498	Foreign		
	Heart	What About Love?	https://youtu.be/ytRWEdjf9lk?t=9723	Foreign		
	Helen Reddy	I Can't Say Goodbye To You	https://youtube.com/watch?v=0pFgB7WW-hU	Foreign		
	Herman's Hermits	There's a Kind of Hush	https://youtube.com/watch?v=shS6-EEDWcM	Foreign		
	High School Musical	Breaking Free	http://www.youtube.com/watch?v=YwP9YSnOayk	Foreign		
	Hillsong UNITED	Oceans (Where Feet May Fail)	http://www.youtube.com/watch?v=RYcjiDrljHI	Foreign		
	Hozier	Take Me To Church	http://www.youtube.com/watch?v=2bb67GtsI80	Foreign	1	
	Hozier	Take Me To Church	https://youtu.be/RQC7JL4a6fc?t=450	Foreign		
	Haustor	Bi mogo da mogu	https://www.youtube.com/watch?v=TfL-mzoMCiM	EX-YU		
	I Say a Little Prayer	Dionne Warwick	https://youtube.com/watch?v=TuoAyMk55gc	Foreign		
	If You Remember Me	Chris Thompson	https://youtube.com/watch?v=gMJiogxH8MQ	Foreign		
	Iggy Azalea and Charli Xcx	Fancy	http://www.youtube.com/watch?v=nrV7e6ASomM	Foreign		
	Imagine Dragons	Believer	http://www.youtube.com/watch?v=sfbCZw_c2Zs	Foreign		
	Imagine Dragons	Demons	http://www.youtube.com/watch?v=TsCPrboDunw	Foreign		
	Imagine Dragons	Radioactive	http://www.youtube.com/watch?v=eGpM33XHyoE	Foreign		
	Imagine Dragons	Bad Liar	http://www.youtube.com/watch?v=z2-8U9XeArs	Foreign		
	Hazard	Marie, ne piši pesmi več	https://www.youtube.com/watch?v=9nunISFtmIU	SLO		
	Hrvatski Band Aid	Moja domovina	https://www.youtube.com/watch?v=dujJ6TMYS9g	EX-YU		
	Jack Jones	The Love Boat	https://youtube.com/watch?v=XguZ-j4xckQ	Foreign		
	Jacky Ward	Fools Fall In Love	https://youtube.com/watch?v=FJ6teFjpnfk	Foreign		
	Irena Tratnik	Malo miru	https://www.youtube.com/watch?v=H0CTtudXx0E	SLO		
	James Arthur	Say You Won't Let Go	http://www.youtube.com/watch?v=jb2T4ZXL6R4	Foreign		
	James Bay	Let It Go	http://www.youtube.com/watch?v=nhv788BMisk	Foreign		
	James Taylor	Fire And Rain	https://youtube.com/watch?v=g4hJNSpnJ3A	Foreign		
	James Taylor	Fire And Rain	https://youtube.com/watch?v=3EQvN8N5qig	Foreign		
	James Taylor	If I Keep My Heart Out Of Sight	https://youtube.com/watch?v=H4HRPYLsGUg	Foreign		
	Ivana Brkić	Oči boje kestena	https://www.youtube.com/watch?v=FMDAlJu4Vn4	EX-YU		
	Jadranka Stojaković	Što te nema	https://www.youtube.com/watch?v=MoI1nixetw8	EX-YU		
	Jan Plestenjak	Moja ljubica	https://www.youtube.com/watch?v=0z4ye6XuahU	SLO		
	Jani Golob	Prisluhni školjki	https://www.youtube.com/watch?v=5qWDNOV0EtU	SLO		
	Jason Mraz	I'm Yours	http://www.youtube.com/watch?v=kn8YiDSYcq4	Foreign		
	Jason Mraz	I Won't Give Up	http://www.youtube.com/watch?v=UdxPKQ0_PdE	Foreign		
	Jason Mraz	I'm Yours	https://youtu.be/RQC7JL4a6fc?t=1849	Foreign	1	
	Janko Ropret	Ljubljančanke	https://www.youtube.com/watch?v=toLkDt33KBs	SLO		
	Jessie J	Flashlight	http://www.youtube.com/watch?v=pdheWX4oO1A	Foreign		
	Jessie J	Domino	http://www.youtube.com/watch?v=GZ_ROLrdvPI	Foreign		
	Jessie J ft. B.o.B	Price Tag	http://www.youtube.com/watch?v=hyB4iyq2tmw	Foreign		
	Jessie J, Ariana Grande and Nicki Minaj	Bang Bang	http://www.youtube.com/watch?v=u1OG4gBcPaA	Foreign		
	Jim Croce	Operator	https://youtube.com/watch?v=JCLG9nq6Q58	Foreign		
	Jim Croce	I Got A Name	https://youtube.com/watch?v=Nz1cGQTH_Tk	Foreign		
	Jim Croce	I'll Have To Say I Love You In A Song	https://youtube.com/watch?v=ggA44A8UZbg	Foreign		
	Joan Jett and the Blackhearts	I Love Rock N Roll	https://youtu.be/ytRWEdjf9lk?t=1	Foreign		
	John Davidson	You And I	https://youtube.com/watch?v=xbJKNGy0aUs	Foreign		
	John Denver	Take Me Home, Country Roads	http://www.youtube.com/watch?v=7aNW9hRKYA8	Foreign		
	John Denver	Take Me Home, Country Roads	https://youtube.com/watch?v=7aNW9hRKYA8	Foreign		
	John Denver	Take Me Home, Country Roads	https://youtube.com/watch?v=nawRw6pR_f8	Foreign		
	John Farnham	Help	https://youtube.com/watch?v=IOpZIdmke_Y	Foreign		
	John Lee Hooker	This Girl Has Turned Into A Woman	https://youtube.com/watch?v=uGQK6Gs1ZBE	Foreign		
	John Legend	All of Me	http://www.youtube.com/watch?v=kr8wPkdHFA0	Foreign		
	John Legend	All Of Me	https://youtu.be/RQC7JL4a6fc?t=3266	Foreign	1	
	John Lennon	Imagine	http://www.youtube.com/watch?v=MR70Dg0_o1A	Foreign		
	John Lennon	Jealous Guy	https://youtube.com/watch?v=_YJ_SHDienw	Foreign		
	John Lennon	Imagine	https://youtube.com/watch?v=vPPY8Ju_mDY	Foreign		
	John Lennon	Imagine	https://youtube.com/watch?v=f2bcREkpE0I	Foreign		
	John Lennon	Imagine	https://youtube.com/watch?v=MR70Dg0_o1A	Foreign		
	Johnny Mathis	Chances Are	https://youtube.com/watch?v=9gQHOTBubsE	Foreign		
	Johnny Mathis	Chances Are	https://youtube.com/watch?v=6_lHBtNM7F8	Foreign		
	Johnny Mathis	A Certain Smile	https://youtube.com/watch?v=9RGKksK7BtI	Foreign		
	Jose Feliciano	Once There Was A Love	https://youtube.com/watch?v=F0QOJMgWjTc	Foreign		
	Josh Groban	You Raise Me Up	http://www.youtube.com/watch?v=btwJm_mV-84	Foreign		
	Josh Turner	Your Man	https://youtu.be/ytRWEdjf9lk?t=8981	Foreign		
	Jasmin Stavros	Umoran sam	https://www.youtube.com/watch?v=JLngD-YxCfQ	EX-YU		
	Jelena Rozga feat Connect	Dalmatinka	https://www.youtube.com/watch?v=JTkLZdB2sTo	EX-YU		
	Journey	Don't Stop Believin'	http://www.youtube.com/watch?v=c8wn2fMYvns	Foreign		
	Julia Michaels	Issues	http://www.youtube.com/watch?v=SfYXCwmgOoc	Foreign		
	Junior	But If You Leave Me	https://youtube.com/watch?v=J-QWlBhwaYo	Foreign		
	Josipa Lisac	Srela sam se s njim	https://www.youtube.com/watch?v=270YAh3yKoM	EX-YU		
	Justin Bieber	Sorry	http://www.youtube.com/watch?v=9CLvFIsp9oo	Foreign		
	Justin Bieber	Love Yourself	http://www.youtube.com/watch?v=mY00uFz5bTA	Foreign		
	Justin Bieber	Boyfriend	http://www.youtube.com/watch?v=LYI2Gwxqiag	Foreign		
	Justin Bieber	What Do You Mean	http://www.youtube.com/watch?v=kKKXhrS_my4	Foreign		
	Justin Bieber ft. Ludacris	Baby	http://www.youtube.com/watch?v=1a5SWpp9Wfg	Foreign		
	JVKE	golden hour	http://www.youtube.com/watch?v=ju03AIeny2Q	Foreign		
	Kansas	Dust In The Wind	https://youtube.com/watch?v=s9eBbbMwhIs	Foreign		
	Josipa Lisac	O jednoj mladosti	https://www.youtube.com/watch?v=9qC2nIQp-SI	EX-YU		
	Katy Perry	Roar	http://www.youtube.com/watch?v=hMF4h0gYN-0	Foreign		
	Keane	Somewhere Only We Know	http://www.youtube.com/watch?v=l5shwZTwHec	Foreign		
	Keane	Somewhere Only We Know	https://youtu.be/RQC7JL4a6fc?t=886	Foreign	1	
	Kelly Clarkson	Because Of You	http://www.youtube.com/watch?v=WWJyJGY1T2M	Foreign		
	Kenny Loggins	Footloose	https://youtu.be/ytRWEdjf9lk?t=1074	Foreign		
	Kenny Loggins	Danny's Song	https://youtube.com/watch?v=NA9Ki6WPtBw	Foreign		
	Kenny Nolan	Love's Grown Deep	https://youtube.com/watch?v=cH4Mr35xzxA	Foreign		
	Kenny Rogers	Through The Years	https://youtube.com/watch?v=Uvjjz-z2dGo	Foreign		
	Kenny Rogers & Dolly Parton	Sometimes When We Touch	https://youtube.com/watch?v=BMxgDBoPv_0	Foreign		
	Keyshia Cole	Love	http://www.youtube.com/watch?v=L5t-8YP4U0A	Foreign		
	Khalid	Location	http://www.youtube.com/watch?v=pgDxe8JO_wY	Foreign		
	Jura Stublić & Film	Doći ću ti u snovima	https://www.youtube.com/watch?v=S1nJR0oYNeQ	EX-YU		
	Kaliopi	Crno i belo	https://www.youtube.com/watch?v=2HS39sU6qV0	EX-YU		
	Kantor	Ljubezen iz šolskih dni	https://www.youtube.com/watch?v=tehGmy3FouM	SLO		
	Kingston	Luna nad obalo	https://www.youtube.com/watch?v=dyuRw-fZOV8	SLO		
	Klapa Kampanel	Aj ća, volin te	https://www.youtube.com/watch?v=GPayIsNtPCM	EX-YU		
	Kris Kristofferson & Rita Coolidge	Loving Arms	https://youtube.com/watch?v=tnsakqXDTYA	Foreign		
	Kris Kristofferson & Rita Coolidge	Loving Arms	https://youtube.com/watch?v=ODs6E1sEjHI	Foreign		
	Klapa Maslina	Da te mogu pismom zvati	https://www.youtube.com/watch?v=K9hbbGdOYWk	EX-YU		
	Klara	Za Slovenijo živim	https://www.youtube.com/watch?v=WaKBp6PeEmc	SLO		
	Labrinth	Jealous	http://www.youtube.com/watch?v=uVAt8WqEJhE	Foreign		
	Kreslin Lovšin Predin	Slovenija gre naprej	https://www.youtube.com/watch?v=bA8pyRi-3Xs	SLO		
	Lady Antebellum	Need You Now	http://www.youtube.com/watch?v=U4j8UroIWqU	Foreign		
	Lady Gaga	Always Remember Us This Way	http://www.youtube.com/watch?v=9sVKwwSvvLw	Foreign		
	Lady Gaga	Bad Romance	http://www.youtube.com/watch?v=Ep0-h-rGHRk	Foreign		
	Lady Gaga	I'll Never Love Again	http://www.youtube.com/watch?v=lOx30dknDos	Foreign		
	Lady Gaga	Million Reasons	http://www.youtube.com/watch?v=BliQLvRf2EI	Foreign		
	Lady Gaga	Always Remember Us This Way	https://youtu.be/RQC7JL4a6fc?t=685	Foreign	1	
	Lady Gaga, Bradley Cooper	Shallow (A Star Is Born)	http://www.youtube.com/watch?v=_nHT_k9Rswc	Foreign		
	Lana Del Rey	Young And Beautiful	http://www.youtube.com/watch?v=w54NfoUuhXo	Foreign		
	Kuzma & Shaka Zulu	U mojoj ulici	https://www.youtube.com/watch?v=q2X-o5NJqJM	EX-YU		
	Lani Hall	How Can I Tell You	https://youtube.com/watch?v=4FVw3Uy9pP8	Foreign		
	Kuzma & Shaka Zulu	Lito ide mala	https://www.youtube.com/watch?v=KbAk-Ioq8pA	EX-YU		
	Lauren Daigle	You Say	http://www.youtube.com/watch?v=EgU_KyzoMZg	Foreign		
	LeAnn Rimes	How Do I Live	http://www.youtube.com/watch?v=34xr8xYLYPo	Foreign		
	Lačni Franz	Zarjavele trobente	https://www.youtube.com/watch?v=xXavD6VXRwQ	SLO		
	Led Zeppelin	Stairway To Heaven	https://youtube.com/watch?v=1jS_JKkQ1Fs	Foreign		
	Led Zeppelin	Stairway To Heaven	https://youtube.com/watch?v=wMlBrTp3OeA	Foreign		
	Leiff Garrett	When I Think of You	https://youtube.com/watch?v=5ZadHLAqoyw	Foreign		
	Leiff Garrett	I Was Looking For Someone To Love	https://youtube.com/watch?v=B-6d6Kcg-fU	Foreign		
	Leiff Garrett	When I Think of You	https://youtube.com/watch?v=_J2akHSxguU	Foreign		
	Leona Lewis	Bleeding Love (Valentine's Day Karaoke)	http://www.youtube.com/watch?v=BsjLCISj4kU	Foreign		
	Les Miserables	I Dreamed A Dream	http://www.youtube.com/watch?v=ruviSIVo-TM	Foreign		
	Langa in Civili	Za svobodo divjega srca	https://www.youtube.com/watch?v=FJIkArVrEfU	SLO		
	Laufer	Moja voda	https://www.youtube.com/watch?v=IFn_BW40t88	EX-YU		
	Let Her Go	Passenger	http://www.youtube.com/watch?v=Ug_OM0WzVmA	Foreign		
	Lewis Capaldi	Someone You Loved	http://www.youtube.com/watch?v=0H3KpRuwBZ8	Foreign		
	Lewis Capaldi	Before You Go	http://www.youtube.com/watch?v=5_3hSGhcuo0	Foreign		
	Lil Nas X ft. Billy Ray Cyrus	Old Town Road (Remix)	http://www.youtube.com/watch?v=exPFJVbIz0c	Foreign		
	Lionel Richie	Stuck On You	http://www.youtube.com/watch?v=s8CszZUic4w	Foreign		
	Lionel Richie	Hello	https://youtu.be/ytRWEdjf9lk?t=4773	Foreign		
	Lionel Richie	Three Times a Lady	https://youtube.com/watch?v=1JyODhMa5eE	Foreign		
	Lionel Richie	Three Times A Lady	https://youtube.com/watch?v=PHhwfU-rmBg	Foreign		
	Lionel Richie & Diana Ross	Endless Love	http://www.youtube.com/watch?v=yYgFs1_BUV0	Foreign		
	Lipps	Funkytown	https://youtube.com/watch?v=VxUr-LbVsY0	Foreign		
	Little Mix ft. Jason Derulo	Secret Love Song	http://www.youtube.com/watch?v=FWJtQj_Okpc	Foreign		
	Little River Band	Cool Change	https://youtube.com/watch?v=ov0zm_amvC4	Foreign		
	Living Colour	Cult Of Personality	https://youtu.be/ytRWEdjf9lk?t=9951	Foreign		
	Loggins and Messina	Your Mama Don't Dance	https://youtube.com/watch?v=k1vBy8jYS6s	Foreign		
	Leb i sol	Skopje	https://www.youtube.com/watch?v=c-6qYXWE8gw	EX-YU		
	LP	Lost On You	http://www.youtube.com/watch?v=9Mpv9Wlij5g	Foreign		
	Luis Fonsi, Daddy Yankee ft. Justin Bieber	Despacito	http://www.youtube.com/watch?v=jRpDuEgqQQQ	Foreign		
	Lukas Graham	7 Years	http://www.youtube.com/watch?v=ALq8ihw4pwU	Foreign		
	Let 3	Vjeran pas	https://www.youtube.com/watch?v=2k2REOv_NaI	EX-YU		
	Madison Beer	Reckless	http://www.youtube.com/watch?v=xbUHj4bQ5Ew	Foreign		
	Madness	Our House	https://youtu.be/ytRWEdjf9lk?t=7144	Foreign		
	Madonna	Like A Virgin	https://youtu.be/ytRWEdjf9lk?t=4072	Foreign		
	Let 3	Izgubljeni	https://www.youtube.com/watch?v=58jjpGykiCc	EX-YU		
	LoM	Svemir	https://www.youtube.com/watch?v=xIHR2sSZ9po	EX-YU		
	Luky	Ti si more	https://www.youtube.com/watch?v=sgjIMpwrZlA	EX-YU		
	Magazin	Oko moje sanjivo	https://www.youtube.com/watch?v=aBdMPIS0Nj8	EX-YU		
	Magazin	Ti si želja mog života	https://www.youtube.com/watch?v=yQsPRA8SrvI	EX-YU		
	Magic!	Rude	http://www.youtube.com/watch?v=QQre5RbiyGM	Foreign		
	Magazin	Kako sam te voljela	https://www.youtube.com/watch?v=j6X5WY48YQw	EX-YU		
	Magazin	Ako poludim	https://www.youtube.com/watch?v=6XcUWEBFspg	EX-YU		
	Magazin	Gutljaj vina	https://www.youtube.com/watch?v=0q5MpLm-RlY	EX-YU		
	Majda Sepe	Ribič, ribič me je ujel	https://www.youtube.com/watch?v=QELMB51fXZo	SLO		
	Majke	Mene ne zanima	https://www.youtube.com/watch?v=g1t6fffyo28	EX-YU		
	Måneskin	Beggin'	http://www.youtube.com/watch?v=pLfq4A6YxYo	Foreign		
	Mariah Carey	O Holy Night	http://www.youtube.com/watch?v=9zYS2GVCWRM	Foreign		
	Majke	Mršavi pas	https://www.youtube.com/watch?v=W730x6O_JI4	EX-YU		
	Majke	Budi ponosan	https://www.youtube.com/watch?v=x0WfpGg6pV0	EX-YU		
	Malavizija Band Aid	Kad bi svi	https://www.youtube.com/watch?v=LUTuJxUwbC8	EX-YU		
	Mark Ronson ft. Amy Winehouse	Valerie	http://www.youtube.com/watch?v=yH2mILMKC-0	Foreign		
	Maroon 5	Memories	http://www.youtube.com/watch?v=KSr0TJH5m-Q	Foreign		
	Maroon 5	Sugar	http://www.youtube.com/watch?v=PqX8aA6w4bM	Foreign		
	Marshmello, Anne Marie	FRIENDS	http://www.youtube.com/watch?v=6ela2HnWEBk	Foreign		
	Marina Perazić	Kolačići	https://www.youtube.com/watch?v=tELjpPuZZfQ	EX-YU		
	Mary MacGregor	Torn Between Two Lovers	https://youtube.com/watch?v=wWeuH9xdQuI	Foreign		
	Mary MacGregor	Good Friend	https://youtube.com/watch?v=Fio-PVMeDQg	Foreign		
	Matt Monro	Yesterday	https://youtube.com/watch?v=mVs0f_K2U5c	Foreign		
	Matt Monro	Yesterday	https://youtube.com/watch?v=jQoa6lkfac0	Foreign		
	Matt Monro	Portrait of My Love	https://youtube.com/watch?v=cKWnF1mJn74	Foreign		
	Matt Monro	Portrait of My Love	https://youtube.com/watch?v=B_oDGqWcpeg	Foreign		
	Matthew Fisher	Can't Stop Loving You Now	https://youtube.com/watch?v=10NAvQ-8yG4	Foreign		
	Matthew Fisher	She Makes Me Feel	https://youtube.com/watch?v=xM2b0fwyMtE	Foreign		
	Maureen McGovern	Very Special Love	https://youtube.com/watch?v=WshokGDGA_c	Foreign		
	Maureen McGovern	We Could Have It All	https://youtube.com/watch?v=IcJbyalvuGk	Foreign		
	Maureen McGovern	We May Never Love Like This Again	https://youtube.com/watch?v=O2nyHiRHRsY	Foreign		
	Meghan Trainor	Dear Future Husband	http://www.youtube.com/watch?v=Ny2EbG0ddx4	Foreign		
	Meghan Trainor	All About That Bass	http://www.youtube.com/watch?v=m3dSO95AALI	Foreign		
	Meghan Trainor	NO	http://www.youtube.com/watch?v=Qcc9zdXowPQ	Foreign		
	Meghan Trainor ft. John Legend	Like I'm Gonna Lose You	http://www.youtube.com/watch?v=mawPX4US1l4	Foreign		
	Melanie Martinez	Dollhouse	http://www.youtube.com/watch?v=Ic76QuFskME	Foreign		
	Melissa Manchester	Looking Through The Eyes of Love	https://youtube.com/watch?v=QDSyltjx8Ds	Foreign		
	Mena Massoud, Naomi Scott	A Whole New World	http://www.youtube.com/watch?v=4hwpLK7CWVM	Foreign		
	Metallica	Nothing Else Matters	https://www.youtube.com/watch?v=LcK5u0usw6Y	Foreign		no_voice
	Marjan Smode	Mrtva reka	https://www.youtube.com/watch?v=98MKZP44wj0	SLO		
	Marjeta Ramšak	Sreča na vrvici	https://www.youtube.com/watch?v=43zueoS6fCM	SLO		
	Marta Zore	Še si tu	https://www.youtube.com/watch?v=RcOkz2M3XZs	SLO		
	Michael Cretu	Love Me	https://youtube.com/watch?v=RrIMfkijB-E	Foreign		
	Michael Jackson	Billie Jean	http://www.youtube.com/watch?v=eXqBhDAlVCc	Foreign		
	Michael Jackson	Ben	https://youtube.com/watch?v=3BDn16q_pvM	Foreign		
	Michael Jackson	Don't Stop It 'Til You Get Enough	https://youtube.com/watch?v=8UCgAx1A8eY	Foreign		
	Miley Cyrus	The Climb	http://www.youtube.com/watch?v=FL9Hcz85CGw	Foreign		
	Miley Cyrus	Wrecking Ball	http://www.youtube.com/watch?v=S78RmvtH79Y	Foreign		
	Miley Cyrus	Angels Like You	http://www.youtube.com/watch?v=H5iZ0PMJa0U	Foreign		
	Miley Cyrus	Party In The USA	http://www.youtube.com/watch?v=kfa-26JfdDA	Foreign		
	Miley Cyrus	Flowers	http://www.youtube.com/watch?v=fO4wsNsXtDg	Foreign		
	Mi2	Pojdi z menoj v toplice	https://www.youtube.com/watch?v=7izOu2vj-Ys	SLO		
	Mi2	Ko bil sn še mali pizdun	https://www.youtube.com/watch?v=1oXSW3Eyl5Y	SLO		
	Mi2	Čista jeba	https://www.youtube.com/watch?v=pHO5FeBy1K4	SLO		
	Mišo Kovač	Dalmacija u mom oku	https://www.youtube.com/watch?v=ijR6NqhDsII	EX-YU		
	Monty Python	No one expects the Spanish Inquisition	https://youtu.be/ytRWEdjf9lk?t=7930	Foreign		
	Morris Albert	Do You Miss Me	https://youtube.com/watch?v=47eGTRLEtXg	Foreign		
	Mungo Jerry	In the Summertime	https://youtube.com/watch?v=HgOYbuQrz1o	Foreign		
	Nancy Sinatra	These Boots Are Made for Walkin'	https://youtube.com/watch?v=vkl-GXuQRF8	Foreign		
	Naomi Scott	Speechless	http://www.youtube.com/watch?v=wqE5j1TQWVs	Foreign		
	Mladi Dolenci	Nocoj je druga rekla mi	https://www.youtube.com/watch?v=kE70uhgHwOg	SLO		
	Moni Kovačič	Brez ljubezni mi živeti ni	https://www.youtube.com/watch?v=U0dy1pSQFcw	SLO		
	Monroe Band	Jaz potrebujem več	https://www.youtube.com/watch?v=KbhpmacTB5c	SLO		
	Neil Diamond	Sweet Caroline	http://www.youtube.com/watch?v=srLoAl1mhFw	Foreign		
	Neil Diamond	I Am...I Said	https://youtube.com/watch?v=X8kA6c3USaA	Foreign		no_voice
	Neil Diamond	Song Sung Blue	https://youtube.com/watch?v=zqaBsTGDmDI	Foreign		no_voice
	Neil Sedaka	Laughter in The Rain	https://youtube.com/watch?v=5e7v3ZeI4Ac	Foreign		
	Neil Young	Four Strong Winds	https://youtube.com/watch?v=37D9DD89mNY	Foreign		
	Napoleon	Vrni se	https://www.youtube.com/watch?v=z2dEYZmOSKw	SLO		
	Navihanke	Tvoj SMS	https://www.youtube.com/watch?v=WjTuXTmkgfo	SLO		
	Nicki Minaj	Super Bass	http://www.youtube.com/watch?v=20GjgF_3faw	Foreign		
	Nicki Minaj	Anaconda	http://www.youtube.com/watch?v=Del8tBjZm5I	Foreign		
	Nicolette Larson	Lotta Love	https://youtube.com/watch?v=bOJbOc67g6Q	Foreign		
	Neda Ukraden	Da se nađemo na pola puta	https://www.youtube.com/watch?v=sHbJgFg9xrs	EX-YU		
	Neno Belan	Vino noći	https://www.youtube.com/watch?v=-4oCHWkzXtE	EX-YU		
	Neno Belan & Đavoli	Stojin na kantunu	https://www.youtube.com/watch?v=vAaVzTOLG_8	EX-YU		
	Nina Badrić	Dani i godine	https://www.youtube.com/watch?v=PJNoBHlYZy0	EX-YU		
	Nirvana	Smells Like Teens' Spirit	https://www.youtube.com/watch?v=wanjkvlxbho	Foreign		
	Nivana	The Man Who Sold the World	https://www.youtube.com/watch?v=L8GUqRcJYAc	Foreign		
	Nina Badrić	Takvi kao ti	https://www.youtube.com/watch?v=ARNQjs___Xc	EX-YU		
	Nina Osenar	Zelo naglas	https://www.youtube.com/watch?v=LXU6p7JARc0	SLO		
	Norman Saleet	This Time I Know It's Real	https://youtube.com/watch?v=o2MCxzsK0tc	Foreign		
	Nipplepeople	Frka	https://www.youtube.com/watch?v=pKvifzAcawg	EX-YU		
	Nola	Iznad oblaka	https://www.youtube.com/watch?v=q84JqEAIz4o	EX-YU		
	Nola	Dio tebe	https://www.youtube.com/watch?v=fEbMXwbMHFo	EX-YU		
	Novi fosili	Za dobra stara vremena	https://www.youtube.com/watch?v=OM2DLim8ZH8	EX-YU		
	Novi fosili	Najdraže moje	https://www.youtube.com/watch?v=6aqZlS5l6A0	EX-YU		
	Novi fosili	Još te volim	https://www.youtube.com/watch?v=L7y9hvSTJ-0	EX-YU		
	Novi fosili	Saša	https://www.youtube.com/watch?v=ojRhsMKMU6k	EX-YU		
	Novi fosili	Milena	https://www.youtube.com/watch?v=kIOb0Y17Fi8	EX-YU		
	Oasis	Wonderwall	http://www.youtube.com/watch?v=R_EXyGWI9rU	Foreign		
	Novi Fosili	Plava košulja	https://www.youtube.com/watch?v=7xmDdt-PcBQ	EX-YU		
	Novi Fosili	Šuti moj dječače plavi	https://www.youtube.com/watch?v=L0hKaSLQhB4	EX-YU		
	Nude	Budala	https://www.youtube.com/watch?v=w_SH-OPyrP4	SLO		
	Oliver Dragojević	Kad mi dođeš ti	https://www.youtube.com/watch?v=NT4YvrbkY8E	EX-YU		
	Olivia Newton John	Hopelessly Devoted To You (from Grease)	http://www.youtube.com/watch?v=jF4xOhCdrlo	Foreign		
	Olivia Newton-John	Hopelessly Devoted To You	https://youtube.com/watch?v=RkBv36LgArA	Foreign		
	Olivia Rodrigo	drivers license	http://www.youtube.com/watch?v=C3y6jGCXiUA	Foreign		
	Olivia Rodrigo	traitor	http://www.youtube.com/watch?v=wvpoGzmd5v4	Foreign		
	Olivia Rodrigo	happier	http://www.youtube.com/watch?v=or1_3KMpp3Y	Foreign		
	Olivia Rodrigo	All I Want	http://www.youtube.com/watch?v=DqqsTljY3PA	Foreign		
	Olivia Rodrigo	good 4 u	http://www.youtube.com/watch?v=L409x_gvwm8	Foreign		
	Olivia Rodrigo	deja vu	http://www.youtube.com/watch?v=8iBJPvRXqgQ	Foreign		
	One Direction	Night Changes	http://www.youtube.com/watch?v=kH9_meN7WqQ	Foreign		
	One Direction	Drag Me Down	http://www.youtube.com/watch?v=WHLKZDMUR6o	Foreign		
	OneRepublic	Counting Stars	http://www.youtube.com/watch?v=3EG3CfTv4lQ	Foreign		
	P!nk ft. Nate Ruess	Just Give Me A Reason	http://www.youtube.com/watch?v=SJVH11MFY7I	Foreign		
	Paloma Faith	Only Love Can Hurt Like This	http://www.youtube.com/watch?v=sNuLpPuWM68	Foreign		
	Paramore	The Only Exception	http://www.youtube.com/watch?v=yCXcs2B8du0	Foreign		
	Oliver Dragojević	Bez tebe	https://www.youtube.com/watch?v=PrJ9gn_iLJc	EX-YU		
	Oliver Dragojević	Trag u beskraju	https://www.youtube.com/watch?v=z7mTFxIShVQ	EX-YU		
	Oliver Mandić	Pitaju me, pitaju	https://www.youtube.com/watch?v=RZ12Dozzd34	EX-YU		
	Parni valjak	Jesen u meni	https://www.youtube.com/watch?v=faPUvTegwJ8	EX-YU		
	Parni valjak	Uhvati ritam	https://www.youtube.com/watch?v=0mkJmBRhRsw	EX-YU		
	Parni valjak	Ugasi me	https://www.youtube.com/watch?v=Hb9KV3ftrz0	EX-YU		
	Pat Benatar	Hit Me With Your Best Shot	https://youtu.be/ytRWEdjf9lk?t=3654	Foreign		
	Pat Boone	Love Letters in the Sand	https://youtube.com/watch?v=0YCswyfd-fA	Foreign		
	Pat Boone	April Love	https://youtube.com/watch?v=Lr-FalkqBkY	Foreign		
	Patricia Kaas	If You Go Away	https://www.youtube.com/watch?v=m4NEmfrxT4g	Foreign		
	Paul Anka	Diana	https://youtube.com/watch?v=CZl1ZSr9yb4	Foreign		
	Paul Anka	Think I'm In Love Again	https://youtube.com/watch?v=FOUTwnCaP20	Foreign		
	Paul Anka	Put Your Head on My Shoulder	https://youtube.com/watch?v=Tea6stg2QGI	Foreign		
	Paul Anka	Lonely Boy	https://youtube.com/watch?v=Oaab_mF7ckc	Foreign		
	Paul Anka	Lonely Boy	https://youtube.com/watch?v=Gb6vk1kgjAc	Foreign		
	Paul McCartney	Silly Love Songs	https://youtube.com/watch?v=lxKP1bZv4o4	Foreign		
	Paul McCartney	Band On The Run	https://youtube.com/watch?v=B_Vd2Co5Ohk	Foreign		
	Paul McCartney	Silly Love Songs	https://youtube.com/watch?v=Jb7PnXIOdKA	Foreign		
	Paul McCartney	Let Em In	https://youtube.com/watch?v=vLFQAPq0ars	Foreign		
	Paul Williams	I Won't Last A Day Without You	https://youtube.com/watch?v=hOMvaLDSboo	Foreign		
	Parni valjak	Ivana	https://www.youtube.com/watch?v=2xlAPW6AqG0	EX-YU		
	Parni valjak	Sve još miriše na nju	https://www.youtube.com/watch?v=AZ8dBQUBpxY	EX-YU		
	Peter Frampton	Show Me the Way	https://youtube.com/watch?v=p4KuY_afyqI	Foreign		
	Peter, Paul and Mary	Blowin' in the Wind	https://youtube.com/watch?v=WjwNGMMmpQk	Foreign		
	Phil Collins	In The Air Tonight	https://youtu.be/ytRWEdjf9lk?t=427	Foreign		
	Partibrejkers	Kreni prema meni	https://www.youtube.com/watch?v=_FG1s0Ui9Rs	EX-YU		
	Pink Floyd	Another Brick in the Wall KARAOKE	https://youtube.com/watch?v=l61mjCwnznQ	Foreign		
	Pink Floyd	Another Brick In The Wall	https://youtube.com/watch?v=c2w2xRspoMU	Foreign		
	Pink Sweat$	At My Worst	http://www.youtube.com/watch?v=FsKcCqLS91w	Foreign		
	Plain White T's	Hey There Delilah	http://www.youtube.com/watch?v=ZakEbWobIj0	Foreign		
	Partibrejkers	Hipnotisana gomila	https://www.youtube.com/watch?v=0LvZLdEHTi4	EX-YU		
	Pepel in kri	Dan ljubezni	https://www.youtube.com/watch?v=2NwBFL8BL2Y	SLO		
	Petar Grašo	Volim i postojim	https://www.youtube.com/watch?v=XS6f8J5Jmco	EX-YU		
	Piloti	Kao ptica na mom dlanu	https://www.youtube.com/watch?v=SPvhHO1h36I	EX-YU		
	Plavi orkestar	Ako su to samo bile laži	https://www.youtube.com/watch?v=1wmFQfkgup8	EX-YU		no_voice
	Player	Baby Come Back	https://youtube.com/watch?v=ifcAbgP0q1A	Foreign		
	Poison	Every Rose Has Its Thorn	https://youtu.be/ytRWEdjf9lk?t=4301	Foreign		no_voice
	Poison	Every Rose Has Its Thorn	https://youtu.be/XYyY4p06LmQ?t=1348	Foreign		w_voice
	Plavi orkestar	Suada	https://www.youtube.com/watch?v=yRm5GpcM7hU	EX-YU		no_voice
	Plavi orkestar	Odlazim	https://www.youtube.com/watch?v=28kf-72xbxU	EX-YU		
	Plavi Orkestar	Bolje biti pijan nego star	https://www.youtube.com/watch?v=gJpCkMRi6zs	EX-YU		no_voice
	Plavi Orkestar	Bolje biti pijan nego star	https://www.youtube.com/watch?v=HC-axTiZxmg	EX-YU		w_voice
	Pop Design	Na božično noč	https://www.youtube.com/watch?v=QyyfqyfJkVw	SLO		
	Pop Design	Ko si na tleh	https://www.youtube.com/watch?v=V0pnrJPRGZ0	SLO		
	Poslednja igra leptira	Dečko, ajde oladi	https://www.youtube.com/watch?v=jEUlXC1Pa14	EX-YU		
	Power Dancers	Prvič vem	https://www.youtube.com/watch?v=j1i8fwOMtYI	SLO		
	Put Your Head On My Shoulder	Paul Anka	https://youtube.com/watch?v=0sGNeWDVrfQ	Foreign		
	Queen	Bohemian Rhapsody	http://www.youtube.com/watch?v=9Lxm0iSnKNc	Foreign		
	Queen	Love Of My Life	http://www.youtube.com/watch?v=rGTHC4I_JPk	Foreign		
	Queen	I Want To Break Free	http://www.youtube.com/watch?v=y_IIuMX0rHA	Foreign		
	Queen	Radio Ga-Ga	https://youtu.be/ytRWEdjf9lk?t=1735	Foreign		
	Queen	Bohemian Rhapsody	https://youtube.com/watch?v=_ih5L6S7Ejk	Foreign		
	Queen	We Are the Champions	https://youtube.com/watch?v=wbri009SE3w	Foreign		
	Queen	Bohemian Rhapsody	https://youtube.com/watch?v=dk5AWEfxg4s	Foreign		
	Queen	I Want To Break Free	https://youtube.com/watch?v=y_IIuMX0rHA	Foreign		
	Queen	Bohemian Rhapsody	https://youtube.com/watch?v=9Lxm0iSnKNc	Foreign		
	Queen	A Kind of Magic	https://youtube.com/watch?v=Xe6Oz08mKes	Foreign		
	Queen	The Great Pretender	https://youtube.com/watch?v=hOxo_e4Yugw	Foreign		
	Queen	Crazy Little Thing Called Love	https://youtube.com/watch?v=RQGoZpil4Fg	Foreign		
	Queen	Another One Bites The Dust	https://youtube.com/watch?v=IrUVwpJ4aso	Foreign		
	Radiohead	Creep	http://www.youtube.com/watch?v=3WLy3AblvmQ	Foreign		
	Radiohead	Creep	https://youtu.be/RQC7JL4a6fc?t=0	Foreign	1	
	Prljavo kazalište	Mi plešemo	https://www.youtube.com/watch?v=P0OdEY3F0Z4	EX-YU		
	Randy Edelman	Please Don't Stop Remembering	https://youtube.com/watch?v=7lPf4i7zv4Y	Foreign		
	Randy Edelman	Please Don't Stop Remembering	https://youtube.com/watch?v=n1i1w-5GwAI	Foreign		
	Ray Stevens	Everything is Beautiful (1970)	https://youtube.com/watch?v=mlwfGh-SVXw	Foreign		
	Ray Stevens	Everything Is Beautiful	https://youtube.com/watch?v=A3jB447B9UY	Foreign		
	Prljavo kazalište	Sve je lako kad si mlad	https://www.youtube.com/watch?v=zUxGNrAcKQc	EX-YU		
	Prljavo Kazalište	Ne zovi mama doktora	https://www.youtube.com/watch?v=KOWtyG82cKM	EX-YU		
	Psihomodo pop	Ramona	https://www.youtube.com/watch?v=cOs8cdlFoks	EX-YU		
	REO Speedwagon	Can't Fight This Feeling	https://youtu.be/ytRWEdjf9lk?t=2973	Foreign		
	Rafko Irgolič	Moj črni konj	https://www.youtube.com/watch?v=1ehlF3G7zg4	SLO		
	Rex Smith	Simply Jessie	https://youtube.com/watch?v=koY3BZbau64	Foreign		
	Rex Smith	Let's Make A Memory	https://youtube.com/watch?v=bgk_FV7FW8c	Foreign		
	Rex Smith	Forever	https://youtube.com/watch?v=Q0McH4byLOg	Foreign		
	Rebeka Dremelj	Vrag naj vzame	https://www.youtube.com/watch?v=ba-GKsknaD4	SLO		
	Ric Segreto	Don't Know What To Say	https://youtube.com/watch?v=r-0JOUqG0pA	Foreign		
	Richard Marx	Right Here Waiting	http://www.youtube.com/watch?v=jZ8o_ZGt9QY	Foreign		
	Richard Sanderson	Reality	https://youtube.com/watch?v=OC-HdB08f_I	Foreign		
	Richard Sanderson	She's A Lady	https://youtube.com/watch?v=Vb68Hzywgiw	Foreign		
	Rick James	Super Freak	https://youtu.be/ytRWEdjf9lk?t=4559	Foreign		
	Rihanna	Diamonds	http://www.youtube.com/watch?v=7DzQs7dpNL8	Foreign		
	Rihanna	Stay ft. Mikky Ekko	http://www.youtube.com/watch?v=bhGqtMsp0-w	Foreign		
	Rihanna	Take A Bow	http://www.youtube.com/watch?v=femohd7zllQ	Foreign		
	Rihanna	There's Nothing Holding Me Back	http://www.youtube.com/watch?v=69mrR_Lc_yA	Foreign		
	Rihanna	Umbrella	https://www.youtube.com/watch?v=xCJtwKRysQU	Foreign		w_voice
	Regina	Dan najlepših sanj	https://www.youtube.com/watch?v=xq5QNnQIdvo&t=31s	SLO		
	Robert Palmer	Bad Case Of Loving You (Doctor, Doctor)	https://youtube.com/watch?v=216NSap3fXM	Foreign		
	Roberta Flack	Killing Me Softly	https://youtube.com/watch?v=rmjP4k-qhGQ	Foreign		
	Roberta Flack	If Ever I See You Again	https://youtube.com/watch?v=kPo1EvV3zgI	Foreign		
	Roberta Flack	Killing Me Softly With His Song	https://youtube.com/watch?v=Ky96EO_hixs	Foreign		
	Reklame	Twix	https://www.youtube.com/watch?v=ez6iIY-SiIg	SLO		
	Rod Stewart	I Don't Want To Talk About It	http://www.youtube.com/watch?v=BdReRY0VIRg	Foreign		no_voice
	Rod Stewart	Da Ya Think I'm Sexy?	https://youtube.com/watch?v=sljjSo99CEA	Foreign		
	Rod Stewart	I Don't Want to Talk About It	https://youtube.com/watch?v=7Ea4sn8d-Vk	Foreign		
	Rod Stewart	I Don't Want To Talk About It	https://youtube.com/watch?v=BdReRY0VIRg	Foreign		
	Rod Stewart	Reason To Believe	https://youtube.com/watch?v=PJMiE0qOTFQ	Foreign		
	Rod Stewart	I Was Only Joking	https://youtube.com/watch?v=P-q3g0RP9MY	Foreign		
	Rod Stewart	Da Ya Think I'm Sexy	https://youtube.com/watch?v=7mkDT59jZVQ	Foreign		
	Rod Stewart	Maggie May	https://youtube.com/watch?v=w2M4mwvGxDM	Foreign		
	Rolling Stones	Satisfaction	https://youtube.com/watch?v=uj4-_JL7-Tk	Foreign		
	Ronan Keating	When You Say Nothing At All	http://www.youtube.com/watch?v=p8p0z_w0Juk	Foreign		
	Ronnie Dyson	Just Don't Want To Be Lonely	https://youtube.com/watch?v=bjfWZi6SbFk	Foreign		
	Roy Orbison	Oh, Pretty Woman	https://youtube.com/watch?v=5zGdD6CGPhs	Foreign		
	Rupert Holmes	Terminal	https://youtube.com/watch?v=VFaV45F_FZA	Foreign		
	Rupert Holmes	Touch and Go	https://youtube.com/watch?v=ZcZxLcGhUkQ	Foreign		
	Ruth B	Lost Boy	http://www.youtube.com/watch?v=8R1xIYOwxRA	Foreign		
	Ruth B	Dandelions	http://www.youtube.com/watch?v=UjejKDLIrRk	Foreign		
	Ryan Lewis	Can't Hold Us	https://www.youtube.com/watch?v=tx1QuNFvIIk	Foreign		
	Reporter Milan	Pegasto dekle	https://www.youtube.com/watch?v=ao6NVyofkSE	SLO		
	Riblja čorba	Pogledaj dom svoj, anđele	https://www.youtube.com/watch?v=ne4OzcHL2Zg	EX-YU		
	Sam Smith	I'm Not The Only One (Classic Karaoke Version)	http://www.youtube.com/watch?v=XcZX89Z0nVA	Foreign		
	Sam Smith	Stay With Me	http://www.youtube.com/watch?v=7C8034DlmIM	Foreign		
	Sam Smith	Lay Me Down	http://www.youtube.com/watch?v=UuGannvDvQk	Foreign		
	Sam Smith	Too Good At Goodbyes	http://www.youtube.com/watch?v=yiOHvS4rP5c	Foreign		
	Santa Esmeralda	You're My Everything	https://youtube.com/watch?v=tYK_O32RV58	Foreign		
	Ritem Planet	Ustnice brez poljubov	https://www.youtube.com/watch?v=UnFX1VjWBRA	SLO		
	Scorpions	Wind of Change	https://youtu.be/XYyY4p06LmQ?t=1833	Foreign		w_voice
	Seals & Croff	We May Never Pass This Way Again	https://youtube.com/watch?v=Z0fTRtXnNdM	Foreign		
	Seals & Crofts	We May Never Pass This Way (Again)	https://youtube.com/watch?v=XRJ5tcJIjio	Foreign		
	Seals & Crofts	Summer Breeze	https://youtube.com/watch?v=_0uQRGE2bHM	Foreign		
	Seals and Crofts	My Fair Share	https://youtube.com/watch?v=yNT0PXB56zI	Foreign		
	Rock'n'Band	Nika	https://www.youtube.com/watch?v=HA7dBm8d5Os	SLO		
	Sergio Mendes	Bridges	https://youtube.com/watch?v=tgZ7O4nwAOE	Foreign		
	Sérgio Mendes	The Trouble With Hello Is Goodbye	https://youtube.com/watch?v=FhS96MCJL1A	Foreign		
	Shakira	Waka Waka (This Time For Africa)	http://www.youtube.com/watch?v=DHXrbMX7fPw	Foreign		
	Shawn Mendes	Treat You Better	http://www.youtube.com/watch?v=QIJQ7dxuKgY	Foreign		
	Shawn Mendes, Camila Cabello	Señorita	http://www.youtube.com/watch?v=kC8jBnooHgs	Foreign		
	Sia	Chandelier	http://www.youtube.com/watch?v=b3iox_qUaUE	Foreign		
	Sia	Snowman	http://www.youtube.com/watch?v=WWu83Z4pqss	Foreign		
	Sia	Cheap Thrills	http://www.youtube.com/watch?v=LqrqgALM1Ug	Foreign		
	Sia	Unstoppable	http://www.youtube.com/watch?v=v464ay9eei0	Foreign		
	S. A. R. S.	Lutka	https://www.youtube.com/watch?v=Zvr1cJjszOY	EX-YU		
	Simon & Garfunkel	The Boxer	https://youtube.com/watch?v=R7WY8Z_ZaOY	Foreign		
	Simon & Garfunkel	Bridge Over Troubled Water	https://youtube.com/watch?v=iEr_Y8DKx84	Foreign		
	Simon & Garfunkel	Mrs Robinson	https://youtube.com/watch?v=quRzVrV4kGE	Foreign		
	Simon & Garfunkel	The Sound of Silence	https://youtube.com/watch?v=CdhfBx6mc6g	Foreign		no_voice
	Simon & Garfunkel	The Sound of Silence	https://youtube.com/watch?v=jG8gSrCC_Tk	Foreign		
	Simon & Garfunkel	Scarborough Fair	https://youtube.com/watch?v=SIK6OrTP6k0	Foreign		
	Simon & Garfunkel	59th Street Bridge Song (Feelin' Groovy)	https://youtube.com/watch?v=ZzhJ8Zf8ZXU	Foreign		no_voice
	Simon & Garfunkel	59th Street Bridge Song (Feelin' Groovy)	https://youtube.com/watch?v=KKJ5hyBVsME	Foreign		
	Simon and Garfunkel	Scarborough Fair	https://youtube.com/watch?v=crogwwgJEn4	Foreign		
	Simple Plan	Perfect	http://www.youtube.com/watch?v=5f15CcwlluQ	Foreign		
	Sister Act 2	On Happy Day	https://youtu.be/XYyY4p06LmQ?t=2141	Foreign		w_voice
	S.A.R.S.	Buđav lebac	https://www.youtube.com/watch?v=cBMJcVRoAZw	EX-YU		
	Spinners	I Don't Want To Lose You	https://youtube.com/watch?v=XoWH3EHtnPo	Foreign		
	Starship	We Built This City (duet)	https://youtu.be/ytRWEdjf9lk?t=8156	Foreign		
	Steely Dan	Rikki Don't Lose That Number	https://youtube.com/watch?v=ymK6QP6fJ44	Foreign		
	Steely Dan	Rikki Don't Lose That Number	https://youtube.com/watch?v=HpZ6SOVKFIU	Foreign		
	Steely Dan	Rikki Don't Lose That Number	https://youtube.com/watch?v=zP5bu2Cio58	Foreign		
	Stephen Bishop	It Might Be You	https://youtube.com/watch?v=tf7X8zjWR_0	Foreign		
	Stephen Bishop	On And On	https://youtube.com/watch?v=UZxy7oGlpqg	Foreign		
	Stevie Wonder	I Just Called To Say I Love You	http://www.youtube.com/watch?v=x-ufoMYaVYE	Foreign		
	Stonebolt	I Will Still Love You	https://youtube.com/watch?v=MChDZeJk5tU	Foreign		
	Saša Lošić	Iznad Tešnja zora sviće	https://www.youtube.com/watch?v=zepOqMgeYxg	EX-YU		
	Survivor	Eye of the Tiger	https://youtu.be/ytRWEdjf9lk?t=2723	Foreign		
	Sergeja	Danes je nov dan	https://www.youtube.com/watch?v=lH_YyGxPNsw	SLO		
	Tangled	I See The Light	http://www.youtube.com/watch?v=FLgWioSXAQU	Foreign		
	Tangled	When Will My Life Begin	http://www.youtube.com/watch?v=aoVtLhhPtSc	Foreign		
	Taylor Swift	Blank Space	http://www.youtube.com/watch?v=EuOp_2Zcr8E	Foreign		
	Taylor Swift	You Belong With Me	http://www.youtube.com/watch?v=5B_dHpwfBXE	Foreign		
	Taylor Swift	Love Story	http://www.youtube.com/watch?v=ZqY3eONjX5k	Foreign		
	Taylor Swift	Back To December	http://www.youtube.com/watch?v=VHpK1i6XnkY	Foreign		
	Taylor Swift	Shake It Off	http://www.youtube.com/watch?v=-i5MU14JLdw	Foreign		
	Taylor Swift	Look What You Made Me Do	http://www.youtube.com/watch?v=Rbtq0bHlvmU	Foreign		
	Severina	Brad Pitt	https://www.youtube.com/watch?v=rLSezk6aV3o	EX-YU		
	Severina	Italiana	https://www.youtube.com/watch?v=8itLmitE8mw	EX-YU		w_voice
	Severina	Uzbuna	https://www.youtube.com/watch?v=ngxr9THpjEg	EX-YU		w_voice
	Teri De Sario	It Takes A Man And A Woman	https://youtube.com/watch?v=u08JiJtqnSU	Foreign		
	Teri DeSario	It Takes A Man And A Woman	https://youtube.com/watch?v=d5lO_3PhmcY	Foreign		
	The 5th Dimension	If I Could Reach You	https://youtube.com/watch?v=x4vGSpR-80c	Foreign		
	The 5th Dimension	If I Could Reach You	https://youtube.com/watch?v=j7Mo1mjKT9c	Foreign		
	The Animals	House Of The Rising Sun	https://youtube.com/watch?v=xc5s0TRHwtI	Foreign		
	The Association	Never My Love	https://youtube.com/watch?v=GLjBqMma6LE	Foreign		
	The B-52s	Love Shack (duet)	https://youtu.be/ytRWEdjf9lk?t=5539	Foreign		
	The Bangles	Walk Like An Egyptian	https://youtu.be/ytRWEdjf9lk?t=3259	Foreign		
	The Beatles	Let It Be	http://www.youtube.com/watch?v=OhRUYf_yn_s	Foreign		
	The Beatles	Yesterday	http://www.youtube.com/watch?v=uw3zzQ-5g4o	Foreign		
	The Beatles	Hey Jude	http://www.youtube.com/watch?v=enmHYsoCMkQ	Foreign		
	The Beatles	While My Guitar Gently Weeps	https://youtube.com/watch?v=_5u3Xv9Z3PQ	Foreign		
	The Beatles	Hey Jude	https://youtube.com/watch?v=enmHYsoCMkQ	Foreign		
	The Beatles	Hey Jude	https://youtube.com/watch?v=Pex4LTVjFow	Foreign		
	The Beatles	In My Life	https://youtube.com/watch?v=IS7ESPZn7do	Foreign		
	The Beatles	Across The Universe	https://youtube.com/watch?v=kH65vQgUVCM	Foreign		
	The Beatles	Here, There and Everywhere	https://youtube.com/watch?v=oMO38zIaUDg	Foreign		
	The Beatles	In My Life	https://youtube.com/watch?v=fZh_tiybWJM	Foreign		
	The Beatles	Yesterday	https://youtube.com/watch?v=uw3zzQ-5g4o	Foreign		
	The Beatles	We Can Work It Out	https://youtube.com/watch?v=CzyjRJhACJA	Foreign		
	The Beatles	Eight Days a Week	https://youtube.com/watch?v=khOcANqUXj8	Foreign		
	The Beatles	Penny Lane	https://youtube.com/watch?v=q250igjhOO8	Foreign		
	The Beatles	Nowhere Man	https://youtube.com/watch?v=O96GbcThEus	Foreign		
	The Beatles	A Day in the Life	https://youtube.com/watch?v=3L1WeqLionM	Foreign		
	The Beatles	The Fool on the Hill	https://youtube.com/watch?v=zZ9h99ejs2I	Foreign		
	The Beatles	Strawberry Fields Forever	https://youtube.com/watch?v=2rmVykptsc8	Foreign		
	The Beatles	Lucy in the Sky with Diamonds	https://youtube.com/watch?v=40o-VB-Vuws	Foreign		
	The Beatles	Hello Goodbye	https://youtube.com/watch?v=eSQpcGM4Cmg	Foreign		
	The Beatles	The Long and Winding Road	https://youtube.com/watch?v=elvjxcCaTCI	Foreign		
	The Beatles	Let It Be	https://youtube.com/watch?v=KSRDIB1BQ08	Foreign		
	The Beatles	Yesterday	https://youtube.com/watch?v=JsuytA8FroY	Foreign		
	The Beatles	Let It Be	https://youtube.com/watch?v=OhRUYf_yn_s	Foreign		
	The Byrds	Mr Tambourine Man	https://youtube.com/watch?v=2TEhzsMtEEw	Foreign		
	The Byrds	Mr. Tambourine Man	https://youtube.com/watch?v=K6RB_v-XUdI	Foreign		
	The Calling	Wherever You Will Go	http://www.youtube.com/watch?v=sTGFkbjK3IU	Foreign		
	The Carpenters	I Need To Be In Love	https://youtube.com/watch?v=fYAXVm9eAiM	Foreign		
	The Carpenters	There's a Kind of Hush	https://youtube.com/watch?v=VLfEqs0l3mE	Foreign		
	The Carpenters	For All We Know	https://youtube.com/watch?v=tZNifUChPuw	Foreign		
	The Carpenters	We've Only Just Begun	https://youtube.com/watch?v=XOSotdT1ETo	Foreign		
	The Carpenters	Yesterday Once More	https://youtube.com/watch?v=Pid-PeS3iLM	Foreign		
	The Carpenters	Top Of The World	https://youtube.com/watch?v=LxKPsEefblc	Foreign		
	The Carpenters	(They Long to Be) Close to You	https://youtube.com/watch?v=7dAS3M6salg	Foreign		
	The Carpenters	Love Me For What I Am	https://youtube.com/watch?v=fGV9FvJHNCg	Foreign		
	The Carpenters	Close to You	https://youtube.com/watch?v=kWTCtLNLAVU	Foreign		
	The Carpenters	For All We Know	https://youtube.com/watch?v=UDJT5nv0S_4	Foreign		
	The Cascades	Rhythm of the Rain	https://youtube.com/watch?v=-f2OEjxj5Ak	Foreign		
	The Chainsmokers feat. Daya	Don't Let Me Down	http://www.youtube.com/watch?v=5FHDnD-VcHI	Foreign		
	The Chainsmokers ft. Halsey	Closer	http://www.youtube.com/watch?v=r0A_1UbB70o	Foreign		
	The Commodores	Sail On	https://youtube.com/watch?v=mksDfbInDY4	Foreign		
	The Cranberries	Zombie	http://www.youtube.com/watch?v=m8CEEkqQiiY	Foreign		
	The Delfonics	La La Means I Love You	https://youtube.com/watch?v=_8njsq1GcEg	Foreign		no_voice
	The Delfonics	La La Means I Love You	https://youtube.com/watch?v=K9It3cW9NbY	Foreign		
	The Everly Brothers	Bye Bye Love	https://youtube.com/watch?v=xn27X6dqVZA	Foreign		
	The Gipsy Kings	Volare	https://www.youtube.com/watch?v=1nfHkweLGE8	Foreign		
	The Greatest Showman	Never Enough	http://www.youtube.com/watch?v=0nxmS92MiSM	Foreign		
	The Greatest Showman	A Million Dreams	http://www.youtube.com/watch?v=3f2X_gIJ_u4	Foreign		
	The Greatest Showman	Rewrite The Stars	http://www.youtube.com/watch?v=mayU6Gqpg9Y	Foreign		
	The Greatest Showman	This Is Me	http://www.youtube.com/watch?v=V59psMbygfI	Foreign		
	The Guess Who	American Woman	https://youtube.com/watch?v=1iJJSx4gmzM	Foreign		
	The Guess Who	American Woman	https://youtube.com/watch?v=4mcgXlzJPN8	Foreign		
	The Hollies	Bus Stop	https://youtube.com/watch?v=8GKVSM4FnjU	Foreign		
	The Hollies	Bus Stop	https://youtube.com/watch?v=pffL9bBuh0A	Foreign		
	The Intruders	Together	https://youtube.com/watch?v=etFTNO-4I_g	Foreign		
	The Jackson 5	I'll Be There	https://youtube.com/watch?v=3IOIYLuWdxM	Foreign		
	The Little Mermaid	Part Of Your World	http://www.youtube.com/watch?v=wnWKoEATxh8	Foreign		
	The Miracles	City Of Angels	https://youtube.com/watch?v=blzjFKebXrI	Foreign		
	The Nolans	Don't Let Me Be the Last to know	https://youtube.com/watch?v=A0JJKQsVJpU	Foreign		
	The Platters	My Prayer	https://youtube.com/watch?v=NB0qWKiDGeU	Foreign		
	The Platters	Smoke Gets in Your Eyes	https://youtube.com/watch?v=Jr4GgzUeICc	Foreign		
	The Platters	Twilight Time	https://youtube.com/watch?v=WjKk02Xwjcw	Foreign		
	The Platters	The Great Pretender	https://youtube.com/watch?v=kXqcnE6EAw4	Foreign		
	The Police	Every Breath You Take	http://www.youtube.com/watch?v=gKjIiaAXfDs	Foreign		
	The Police	Roxanne	https://youtu.be/ytRWEdjf9lk?t=2095	Foreign		
	The Righteous Brothers	Unchained Melody	http://www.youtube.com/watch?v=dqIzep89HBw	Foreign		
	The Romantics	What I Like About You	https://youtu.be/ytRWEdjf9lk?t=3465	Foreign		
	The Skyliners	Since I Don't Have You	https://youtube.com/watch?v=1pjTAxQgufA	Foreign		
	The Stylistics	Betcha by Golly, Wow	https://youtube.com/watch?v=6W60p0HJwKg	Foreign		
	The Stylistics	You Make Me Feel Brand New	https://youtube.com/watch?v=DHSFUeA-vVs	Foreign		
	The Stylistics	I'm Stone In Love With You	https://youtube.com/watch?v=ufW8cmpPf-U	Foreign		
	The Stylistics	The Miracle	https://youtube.com/watch?v=LMZwaVr5wNc	Foreign		
	The Turtles	Happy Together	https://youtube.com/watch?v=6nWv9ChfASM	Foreign		
	Tiffany	I Think We're Alone Now	https://youtu.be/ytRWEdjf9lk?t=6565	Foreign		
	Severina	Djevojka sa sela	https://www.youtube.com/watch?v=xBxhAIGEdT8	EX-YU		
	Siddharta	Dviga Slovenija zastave	https://www.youtube.com/watch?v=ZKm1nZAsrUU	SLO		
	Slon in Sadež	Fantastičnih 5	https://www.youtube.com/watch?v=LHVpsU-H-L4	SLO		
	Todd Rundgren	Can We Still Be Friends	https://youtube.com/watch?v=Z_yF3ORCnao	Foreign		
	Tom Jones	Green Green Grass of Home	https://youtube.com/watch?v=TqLjAeEnrUE	Foreign		
	Tom Jones	Green Green Grass Of Home	https://youtube.com/watch?v=lDkaUmd2FKs	Foreign		
	Aigel	Мой парень татарин	https://www.youtube.com/watch?v=_dFo0O4Mtz4	RU		
	Tom Odell	Another Love	http://www.youtube.com/watch?v=aErI67y4WDA	Foreign		
	Tom Odell	Another Love	https://youtu.be/RQC7JL4a6fc?t=2551	Foreign	1	
	Strmina	Nocoj bila bi s teboj	https://www.youtube.com/watch?v=ClXeG-x34dg	SLO		
	Svadbas	Treblebass	https://www.youtube.com/watch?v=dxstn9v2Oy0	EX-YU		
	TONES & I	DANCE MONKEY	http://www.youtube.com/watch?v=an0JKXnnrAY	Foreign		
	Toni Basil	Mickey	https://youtu.be/ytRWEdjf9lk?t=6111	Foreign		
	TBF	UV zrake	https://www.youtube.com/watch?v=JvmNFr03Fx4	EX-YU		
	Toto	Africa	https://youtu.be/ytRWEdjf9lk?t=764	Foreign		
	Toto Cutugno	L'Italiano	https://www.youtube.com/watch?v=fZ0Essf51v0	Foreign		
	Troye Sivan	One Of Your Girls	https://www.youtube.com/watch?v=Lc6yWmGZcqg	Foreign		w_voice
	TBF	Alles Gut (ništa mi neće ovi dan pokvarit)	https://www.youtube.com/watch?v=moAKjTjolNU	EX-YU		
	Vance Joy	Riptide	http://www.youtube.com/watch?v=XWq1hK6XtjU	Foreign		
	Tedi Spalato	Sve ću preživit	https://www.youtube.com/watch?v=FYig7wUQM5s	EX-YU		
	Tijana Dapčević	Zemlja mojih snova	https://www.youtube.com/watch?v=mDXtVd4fq4Q	EX-YU		
	Time	Makedonija	https://www.youtube.com/watch?v=AcY-oQ-TMM8	EX-YU		
	Tine Lesjak	Šivala je deklica zvezdo	https://www.youtube.com/watch?v=AzlhjYrKJsI	SLO		
	Tomaž Domicelj	Slovenskega naroda sin	https://www.youtube.com/watch?v=8Xd_jzJCbFE	SLO		
	Tomislav Ivčić	Večeras je naša fešta	https://www.youtube.com/watch?v=2_vz76cxPxM	EX-YU		
	We The Kings ft. Elena Coats	Sad Song	http://www.youtube.com/watch?v=g94DBEV1kVA	Foreign		
	Toni Cetinski	Blago onom ko te ima	https://www.youtube.com/watch?v=pwkVgKWnlRQ	EX-YU		
	Toše Proeski	Moja	https://www.youtube.com/watch?v=q_bv1Vz32tI	SLO		
	Wham!	Last Christmas	http://www.youtube.com/watch?v=kaBRnhxPLdE	Foreign		
	Whitney Houston	I Have Nothing	http://www.youtube.com/watch?v=CS1Xf9hfUCk	Foreign		
	Whitney Houston	I Will Always Love You	http://www.youtube.com/watch?v=8kotNQ07ZEw	Foreign		
	Whitney Houston	The Greatest Love Of All	http://www.youtube.com/watch?v=aQEg6dwLFDc	Foreign		
	Whitney Houston	I Wanna Dance With Somebody (Who Loves Me)	http://www.youtube.com/watch?v=st-yPBxRVPM	Foreign		
	Whitney Houston	One Moment In Time	http://www.youtube.com/watch?v=TPl0fZ5lK20	Foreign		
	Whitney Houston	Saving All My Love For You	http://www.youtube.com/watch?v=KTxLR8GOUt4	Foreign		
	Whitney Houston	I Wanna Dance With Somebody	https://youtu.be/ytRWEdjf9lk?t=5019	Foreign		
	Wildflower	Skylark	https://youtube.com/watch?v=9l878arGKgg	Foreign		
	XXXTENTACION	Changes	http://www.youtube.com/watch?v=qfmxYHMWjwQ	Foreign		
	Ysabelle	I Like You So Much, You'll Know It	http://www.youtube.com/watch?v=wHrs4LjdKw4	Foreign		
	Urša & PR	Kje so tiste stezice	https://www.youtube.com/watch?v=JyFQ9ET2RY4	SLO		
	Yvonne Elimann	Love Me	https://youtube.com/watch?v=mriYGYraY_k	Foreign		
	Vesna Pisarović	Jutro donosi kraj	https://www.youtube.com/watch?v=ScpcALuXjNU	EX-YU		
	Videosex	Kako bih volio da si tu	https://www.youtube.com/watch?v=lewQdY-u4kA	EX-YU		
	Videosex	Vozi me vlak v daljave	https://www.youtube.com/watch?v=AHUGD5vi8Y8	SLO		
	Vili Resnik	Naj bogovi slišijo	https://www.youtube.com/watch?v=j3AyTZjX5IU	SLO		
	VIS Idoli	Maljčiki	https://www.youtube.com/watch?v=dH2FmVegARo	EX-YU		
	Vlado Kreslin	Iz Goričkega v Piran	https://www.youtube.com/watch?v=mRL5A5CPlzE	SLO		
	Zara Larsson	Uncover	http://www.youtube.com/watch?v=O0RZc6k_eLw	Foreign		
	ZAYN, Sia	Dusk Till Dawn	http://www.youtube.com/watch?v=NvP568DzP5c	Foreign		
	ZAYN, Zhavia Ward	A Whole New World	http://www.youtube.com/watch?v=OfwnWaFP_bc	Foreign		
	Wellbott	Čebelica Maja	https://www.youtube.com/watch?v=w6y2hQ4ldRU	SLO		
	Werner	Valentinovo	https://www.youtube.com/watch?v=XOjlK1KpRn0	SLO		
	YU rock misija	Za milion godina	https://www.youtube.com/watch?v=DlGGZZ_4iUA	EX-YU		
	Zabranjeno pušenje	Šeki is on the road again	https://www.youtube.com/watch?v=DZQAFdjM97c	EX-YU		
	Zucchero	Baila Morena	https://www.youtube.com/watch?v=kJ9XarD20uk	Foreign		
	Zabranjeno pušenje	Lutka sa naslovne strane	https://www.youtube.com/watch?v=ZqEgdDA4WdA	EX-YU		
	Zabranjeno pušenje	Dobri jarani	https://www.youtube.com/watch?v=KZpU_mJuXZc	EX-YU		
	Zagrebački mališani	Kad se male ruke slože	https://www.youtube.com/watch?v=7aG70WwleRI	EX-YU		
	Zana	Mladiću moj	https://www.youtube.com/watch?v=TuNPUStQJmg	EX-YU		
	Zana	Što ne znam gde si sad	https://www.youtube.com/watch?v=_Dx7rus9Do8	EX-YU		
	Zdenka Vučković	Zeko i potočić	https://www.youtube.com/watch?v=Sw-2_EOPgOY	EX-YU		
	Zdravko Čolić	Ti si mi u krvi	https://www.youtube.com/watch?v=APcNs0gn-kQ	EX-YU		
	Zdravko Čolić	Pusti, pusti modu	https://www.youtube.com/watch?v=hiNkBe4k-eI	EX-YU		
	Zorica Kondža i Tedi Spalato	Zar je voljeti grijeh	https://www.youtube.com/watch?v=LGZcJyLgc-8	EX-YU		
	Elton John & Kiki Dee	Don't Go Breaking My Heart	https://www.youtube.com/watch?v=OPmFTDWoW60	Foreign		
	Queen	Don't Stop Me Now	https://www.youtube.com/watch?v=G962z-4OL9E	Foreign		
	Adele	Rolling in The Deep	https://www.youtube.com/watch?v=B3O1OlTWXSA	Foreign		
	Maroon 5	This Love	https://www.youtube.com/watch?v=Sec1Ki59bhE	Foreign		